timestamp,label
2026-10-03T01:55:06+09:00,start
2026-10-03T02:19:02+09:00,go
2026-10-03T02:31:22+09:00,pack_PB20000_original_full_1A_not_PB10000
2026-10-03T02:32:01+09:00,heat_on
2026-10-03T02:37:11+09:00,tempguard_trip
2026-10-03T02:40:14+09:00,go
2026-10-03T02:37:12+09:00,heat_off
2026-10-03T02:41:56+09:00,heat_on
2026-10-03T02:49:56+09:00,heat_off
2026-10-03T02:53:13+09:00,go
2026-10-03T02:54:29+09:00,heat_on
2026-10-03T03:09:30+09:00,stop_manual
2026-10-03T03:08:06+09:00,heat_off
2026-10-03T02:37:11+09:00,tempguard_trip
