구간,채널,시작s,길이s,평균,시작값,끝값,최소,최대,최대시각
idle,ir_max_c,0,1623,25.015826863832412,24.605,25.032,24.566,31.18,01:58:23
idle,ir_a_c,0,1623,24.96169131238447,24.525,25.014000000000003,24.497999999999998,31.18,01:58:23
idle,ir_b_c,0,1623,24.8866876155268,24.580000000000002,24.753999999999998,24.456,30.089999999999996,01:58:21
idle,ds_far_c,0,1623,24.945762198888207,24.812,24.875,24.812,25.187,01:59:28
idle,surf_minus_far_c,0,1623,0.07109512044471816,-0.13200000000000145,0.15700000000000003,-0.3730000000000011,6.1179999999999986,01:58:23
idle,voltage_v,0,1623,4.986195293040294,4.839783333333333,4.97211,4.81915,5.03865,02:19:55
idle,current_a,0,1623,-0.9901313186813185,-0.8325999999999999,-0.99108,-0.99186,-0.8325999999999999,02:18:59
idle,power_w,0,1623,-4.937863553113552,-4.029166666666667,-4.927,-4.996,-4.029166666666667,02:18:59
pre,ir_max_c,1623,600,25.25797,25.032,25.328,24.96,25.502000000000002,02:30:55
pre,ir_a_c,1623,600,25.257886666666668,25.032,25.328,24.954,25.502000000000002,02:30:55
pre,ir_b_c,1623,600,24.725006666666665,24.698,24.81,24.592000000000002,24.872,02:27:57
pre,ds_far_c,1623,600,24.75096166666667,24.875,24.75,24.687,24.875,02:22:01
pre,surf_minus_far_c,1623,600,0.5070083333333331,0.15700000000000003,0.5779999999999994,0.08900000000000219,0.8150000000000013,02:30:55
pre,voltage_v,1623,600,4.988146333333333,4.985860000000001,5.03341,4.85414,5.063750000000001,02:31:51
pre,current_a,1623,600,-0.9912202666666667,-0.9910399999999999,-0.99084,-0.99208,-0.9904399999999999,02:28:51
pre,power_w,1623,600,-4.9446208333333335,-4.942,-4.987,-5.019499999999999,-4.8125,02:25:35
heat,ir_max_c,2223,1608,36.437703980099506,25.387999999999998,50.488,25.326,50.488,03:08:05
heat,ir_a_c,2223,1608,35.13957338308458,25.387999999999998,47.374,25.326,47.374,03:08:05
heat,ir_b_c,2223,1608,36.07947512437811,24.798,50.488,24.77,50.488,03:08:05
heat,ds_far_c,2223,1608,33.629033582089555,24.75,42.687,24.687,44.0,03:05:46
heat,surf_minus_far_c,2223,1608,2.8086703980099506,0.6379999999999981,7.801000000000002,-5.195000000000007,10.48,02:36:27
heat,voltage_v,2223,1608,5.022004987562188,5.03488,4.98916,4.9423699999999995,5.24846,02:37:11
heat,current_a,2223,1608,-0.9880187064676617,-0.9907199999999999,-0.9861000000000001,-0.99146,-0.495,02:37:11
heat,power_w,2223,1608,-4.961869402985075,-4.9895000000000005,-4.92,-5.0424999999999995,-2.516,02:37:11
between,ir_max_c,2534,557,30.5124639936166,40.042,28.592000000000002,28.314,40.834,02:37:15
between,ir_a_c,2534,557,30.48660762018751,38.568,28.564,28.314,39.068,02:37:15
between,ir_b_c,2534,557,29.604138497050524,40.042,27.919999999999998,27.518,40.834,02:37:15
between,ds_far_c,2534,557,29.312594254937167,32.562,27.937,26.375,35.5,02:49:56
between,surf_minus_far_c,2534,557,1.199869738679433,7.480000000000004,0.6550000000000011,-4.776,8.022000000000006,02:37:15
between,voltage_v,2534,557,5.032756157860405,5.41737,5.06436,0.6799999999999999,5.425,02:37:38
between,current_a,2534,557,-0.8262477625570777,-0.0004,-0.98962,-0.99092,-0.00038,02:37:20
between,power_w,2534,557,-4.154283105022831,-0.002,-5.0115,-5.0115,0.0,02:37:19
post,ir_max_c,4388,3,50.57533333333333,50.406,50.754,50.406,50.754,03:08:08
post,ir_a_c,4388,3,47.635333333333335,47.495999999999995,47.730000000000004,47.495999999999995,47.730000000000004,03:08:08
post,ir_b_c,4388,3,50.57533333333333,50.406,50.754,50.406,50.754,03:08:08
post,ds_far_c,4388,3,42.812333333333335,42.687,42.875,42.687,42.875,03:08:07
post,surf_minus_far_c,4388,3,7.762999999999998,7.719000000000001,7.878999999999998,7.690999999999995,7.878999999999998,03:08:08
post,voltage_v,4388,3,4.989723333333333,4.98928,4.99001,4.98928,4.99001,03:08:08
post,current_a,4388,3,-0.9855466666666666,-0.9856999999999999,-0.98528,-0.9856999999999999,-0.98528,03:08:08
post,power_w,4388,3,-4.917833333333333,-4.9174999999999995,-4.9174999999999995,-4.9185,-4.9174999999999995,03:08:06
tail,ir_max_c,4391,1922,29.73583993055556,50.71,27.506666666666664,27.246,50.71,03:08:09
tail,ir_a_c,4391,1922,28.598479166666667,47.93,26.150000000000002,26.008,47.93,03:08:09
tail,ir_b_c,4391,1922,29.70869097222222,50.71,27.506666666666664,27.246,50.71,03:08:09
tail,ds_far_c,4391,1922,27.080623309053074,43.062,25.0,25.0,43.312,03:08:13
tail,surf_minus_far_c,4391,1922,2.6530493055555553,7.648000000000003,2.506666666666664,-1.2830000000000013,7.648000000000003,03:08:09
tail,voltage_v,4391,1922,5.092980366379311,4.98913,2.5292125,2.5292125,5.42678,03:09:58
tail,current_a,4391,1922,-0.6924458620689656,-0.98608,-0.0004,-0.9876400000000001,-0.00038,03:09:56
tail,power_w,4391,1922,-3.46290948275862,-4.92,0.0,-4.968,0.0,03:10:04
