path_gz_minus_suffix,kind,lines,raw_bytes,gz_bytes,sha256_raw,first_ts,last_ts
PB20000_r12_2A_20260924/PB20000_r12_2A_ina.csv,ina_0.1s,189319,12221680,1312162,f4244c019bb44dd7f90a382b7704031db2a4cb189130463bbc29129f0326e5d8,2026-09-24T12:46:51,2026-09-24T18:02:23
PB20000_r15_2A_20260928/PB20000_r15_2A_20260928_soc.csv,derived_soc_1s,18721,2716128,502313,195fe4dc3353c1a77951730fc2c22eee3fdb026555f10d7b8dfcb47f8d1fd6ab,2026-09-28T21:57:56,2026-09-29T03:11:19
PB20000_r15_2A_20260928/PB20000_r15_2A_ina.csv,ina_0.1s,188324,12186890,1325742,05a1a1bdb8db4a9dbba09d41ae71e7ce56efc1f14e9c76d25ac206fe468a004b,2026-09-28T21:57:28,2026-09-29T03:11:21
PB20000_r15_2A_20260928/PB20000_r15_2A_mlx01.csv,mlx_ir_0.1s,291151,19396030,2604742,0f75d1e299f3c7cb467d433068b2271726e825515772c605e82c69a7752eb4be,2026-09-28T19:36:11,2026-09-29T03:41:26
PB20000_r15_2A_20260928/PB20000_r15_2A_temp.csv,temp_1s,11011,676070,112416,6c2f6a859840f544481c0486f438c447ee89fa4aebcedadc1cfcfd73cad253e5,2026-09-28T21:48:00,2026-09-29T03:41:29
misc/18650_SOC비교_20260831.csv,other,202,14585,6027,dbca9c447a86cad1c2520f8a677626624b2b82ae933d784e63773de370e22238,,
18650_b1_1A_20260831/18650_b1_1A_20260831_soc.csv,derived_soc_1s,8094,1156635,224023,b71c0537afd41f2cac2dea28ebbcb80ed39efef0b622e3376a466395d2e05049,2026-08-31T02:52:26,2026-08-31T05:07:39
18650_b1_1A_20260831/BAT01_b1_1A_ina.csv,ina_0.1s,219441,13980747,1247180,23035b429d0342a3b771093dbeab7b5768b7cbed2521f87881ddbfbb40d55683,2026-08-31T02:52:06,2026-08-31T08:57:50
18650_b1_1A_20260831/BAT01_b1_1A_ina_aborted.csv,aborted,3141,198286,19778,b18969368b11fdf5844555e62753a00207d5d8aa4f37857c4c6a181b9ee5eafb,2026-08-31T02:32:05,2026-08-31T02:37:19
18650_b1_1A_20260831/BAT01_b1_1A_ina_aborted2.csv,aborted,8801,546460,54620,ea105fbd79a4fcbd28baaf74d8ad05042dc2ebb9c30aec7e0d622e22cf23ce88,2026-08-31T02:37:23,2026-08-31T02:52:02
18650_b1_1A_20260831/BAT01_b1_1A_mlx01.csv,mlx_ir_0.1s,242201,16114668,2139036,22641eecc3c70ff3d70250d5e27d786db4bed53f748824c3d967519f7c54029a,2026-08-31T02:14:07,2026-08-31T08:57:47
18650_b1_1A_20260831/BAT01_b1_1A_temp.csv,temp_1s,19231,1173188,179189,2c90cde2718ce36bad181e01934e472b33a8b149d1b3f310b2fef4cef7d9f12e,2026-08-31T02:32:03,2026-08-31T08:57:44
18650_b2_2A_20260831/18650_b2_2A_20260831_soc.csv,derived_soc_1s,4076,581743,127968,a143aea11d2e89de728b86670435ff9210500ae94d510872b580d79b3f872eca,2026-08-31T09:10:57,2026-08-31T10:24:44
18650_b2_2A_20260831/BAT02_b2_2A_ina.csv,ina_0.1s,73866,4688346,463643,2637d37d50de39d6aa45bbc2e0f32d24bda25361f4b63b506fb1cb1e4d741687,2026-08-31T09:10:40,2026-08-31T11:13:47
18650_b2_2A_20260831/BAT02_b2_2A_mlx01.csv,mlx_ir_0.1s,75751,4988387,723083,688e4d8aaada07a8ea2de9ebdbb31635a5ed292d6591bf3c6634e565f4bc7c94,2026-08-31T09:10:36,2026-08-31T11:16:51
18650_b2_2A_20260831/BAT02_b2_2A_temp.csv,temp_1s,6291,380684,68113,20c2a3a9a00bb349d80100e19f1cf3913c3df08a4f60326240baefc2109c0cea,2026-08-31T09:10:39,2026-08-31T11:16:47
18650_b3_3A_20260831/18650_b3_3A_20260831_soc.csv,derived_soc_1s,2177,311987,74608,22d6faf02d2274cf68ea05fd88c36dc2442cb15772473ee5bb78da185a7dfc7a,2026-08-31T11:23:42,2026-08-31T12:00:32
18650_b3_3A_20260831/BAT03_b3_3A_ina.csv,ina_0.1s,22821,1467244,178033,5949f1947212872871dd456810316f51d8b880bf7624fd1e6800fa97631ff4f5,2026-08-31T11:22:31,2026-08-31T12:00:33
18650_b3_3A_20260831/BAT03_b3_3A_mlx01.csv,mlx_ir_0.1s,40451,2658693,370138,4fc8177f705f1949d108da9ed7852cf101035e71ad62025dfa56d239f1349915,2026-08-31T11:22:27,2026-08-31T12:29:51
18650_b3_3A_20260831/BAT03_b3_3A_temp.csv,temp_1s,3351,202365,38103,513ccc87148347df6e9001ecb7c37bc97fc9f43513fd565871b3d3b44de4a3af,2026-08-31T11:22:29,2026-08-31T12:29:41
PB10000_c2_10W_20260826/PB10000_c2_10W_20260826_soc.csv,derived_soc_1s,2025,320382,64341,782364743e040b91de8c67595008f65416484ac1b540fc52258bed871980efbb,2026-08-26T10:59:50,2026-08-26T11:33:38
PB10000_c2_10W_20260826/PB10000_c2_10W_ina.csv,ina_0.1s,20303,1321314,146713,1a67afc5bd42c13765664aa297107cc4bffb92f985cc2a40d756e331a0765982,2026-08-26T10:59:50,2026-08-26T11:33:40
PB10000_c2_10W_20260826/PB10000_c2_10W_ina_aborted.csv,aborted,3321,204137,20755,637ad2f01bfd797a3c63cefa5799f9140fa65e524b566a1023f44a80b3b14d73,2026-08-26T10:51:14,2026-08-26T10:56:46
PB10000_c2_10W_20260826/PB10000_c2_10W_mlx01.csv,mlx_ir_0.1s,40301,2648758,373447,818fa3410d27b657d77445dd8b2146e1b268740904ebdf5335deac72df6e4b2d,2026-08-26T10:51:14,2026-08-26T11:58:24
PB10000_c2_10W_20260826/PB10000_c2_10W_temp.csv,temp_1s,1537,109808,20349,a217fa5c762757a84e58db363f2b5b447b391527af227f8ec3062fbda9350a56,2026-08-26T10:51:14,2026-08-26T11:58:25
PB10000_c6_9W_20260826/PB10000_c6_9W_20260826_soc.csv,derived_soc_1s,11016,1732471,318921,bc259741b9d58a690e357e79512f742715db4eaecdfdec9c81c4dd1d0dda2163,2026-08-26T15:53:35,2026-08-26T18:57:37
PB10000_c6_9W_20260826/PB10000_c6_9W_ina.csv,ina_0.1s,110618,7140777,741896,4221f6d60586230556ba10ace887d726cc0199eb5376f68d0f59708a9240c803,2026-08-26T15:53:17,2026-08-26T18:57:38
PB10000_c6_9W_20260826/PB10000_c6_9W_ina_aborted.csv,aborted,976,59980,7376,2ee33301815caecceba41196a19ef05cc5e10a8d177cad6baa6e0d7a0504d651,2026-08-26T15:48:58,2026-08-26T15:50:35
PB10000_c6_9W_20260826/PB10000_c6_9W_mlx01.csv,mlx_ir_0.1s,125901,8324258,1134327,6f223e6ae608df45f99ee298f762467afa60bdbc5e2084c236a6ac57228c84cc,2026-08-26T15:48:58,2026-08-26T19:18:48
PB10000_c6_9W_20260826/PB10000_c6_9W_temp.csv,temp_1s,4808,340896,57883,e3d9ef623e847bcf9589fabd57b3f1db0add81870882d56e571d76f3052c227a,2026-08-26T15:48:58,2026-08-26T19:18:48
PB10000_r2_1A_20260821/PB10000_r2_1A_20260821_soc.csv,derived_soc_1s,22737,3610023,595877,1096f2779572733261ab4a0a9c1dada51e2148c6bc58458f8c65fdbbbdd0b1fa,2026-08-21T20:40:12,2026-08-22T03:00:07
PB10000_r2_1A_20260821/PB10000_r2_1A_ina.csv,ina_0.1s,227964,14848488,1430987,9e546fa6457427607eea2f062b82f2298fbb84cb4fb80e3a14d66871c8d6dc44,2026-08-21T20:40:12,2026-08-22T03:00:08
PB10000_r2_1A_20260821/PB10000_r2_1A_ina_aborted.csv,aborted,5133,314647,33698,b1801f3debda6d923808a8b9198bfb98656c5e071cc54a1c7a67faa1090412d7,2026-08-21T20:18:55,2026-08-21T20:36:06
PB10000_r2_1A_20260821/PB10000_r2_1A_mlx01.csv,mlx_ir_0.1s,245801,16357593,2201172,cad06b7f0bfd969038f4f1a250b0b7580ad559be8b46b1514fc6b6e80867b733,2026-08-21T20:40:11,2026-08-22T03:29:51
PB10000_r2_1A_20260821/PB10000_r2_1A_mlx01_aborted.csv,aborted,10301,668793,97424,c6872f4f819985f691fd438619030765724fb7b96384fabcdb828217c1f7dc6e,2026-08-21T20:18:54,2026-08-21T20:36:04
PB10000_r2_1A_20260821/PB10000_r2_1A_temp.csv,temp_1s,9478,684514,102901,17558e6e0770c0ea1eff129b0ff8def0f7c74df01c76566ad81ba113868474fb,2026-08-21T20:40:11,2026-08-22T03:29:50
PB10000_r2_1A_20260821/PB10000_r2_1A_temp_aborted.csv,aborted,399,28188,5425,408c27cc20c24f99d77768c14f30e69afc382271ce72f3271726d97e0c2df561,2026-08-21T20:18:54,2026-08-21T20:36:04
PB10000_r5_2A_20260822/PB10000_r5_2A_20260822_soc.csv,derived_soc_1s,11529,1835167,336903,6e6c13bb036c7f53d28a80b9df4cc75016d167cef3c6b341c4ac036846974b3a,2026-08-22T23:07:31,2026-08-23T02:21:21
PB10000_r5_2A_20260822/PB10000_r5_2A_ina.csv,ina_0.1s,116321,7484565,841762,4f3f513706772f74692e75db4a4ee6695b8205e26334418ee8216bf310e20f45,2026-08-22T23:07:31,2026-08-23T02:21:23
PB10000_r5_2A_20260822/PB10000_r5_2A_mlx01.csv,mlx_ir_0.1s,136401,9027793,1267118,5975b05d655fc695ce6ec102e74365de3aeeafe75992cabcecc0a4ab4512324d,2026-08-22T23:07:31,2026-08-23T02:54:51
PB10000_r5_2A_20260822/PB10000_r5_2A_temp.csv,temp_1s,5262,377904,64133,18555a56d76c1f6a87d457f47328fd2a4bcffe8002ade902448363567415608a,2026-08-22T23:07:31,2026-08-23T02:54:51
PB10KB_r11_2A_20260921/PB10KB_r11_2A_20260921_soc.csv,derived_soc_1s,8266,1188983,231853,2f339e242cff87a8a6542349f0d0ee8f3a0cbe2ad8e4200cbe264037d4b5f442,2026-09-21T03:12:16,2026-09-21T05:30:50
PB10KB_r11_2A_20260921/PB10K_r11_2A_ina.csv,ina_0.1s,83156,5321312,600133,815ee7781301e3fe2ead16f6173b656bff376efe7e48378d572c9c759870556a,2026-09-21T03:12:16,2026-09-21T05:30:51
PB10KB_r11_2A_20260921/PB10K_r11_2A_mlx01.csv,mlx_ir_0.1s,117801,7781593,1071574,273969708743b7c80ecd482dc8e324591a1ed15f215dea406bbfaef1fb60edd8,2026-09-21T02:59:37,2026-09-21T06:15:57
PB10KB_r11_2A_20260921/PB10K_r11_2A_temp.csv,temp_1s,6391,386847,69842,17955101068d697a4cbff085de681d6b8e2675ec1df59d96237b07c0b011237a,2026-09-21T03:05:06,2026-09-21T06:15:59
PB10KB_r11_2A_20260921/_extra/PB10K_r11_2A_ina_aborted1.csv,aborted,379,23001,2215,279bf6fb3e7547a604bed78df5f7be9accdbc5ea4c4c9eb0d07492cfc5b66559,2026-09-21T03:05:06,2026-09-21T03:05:44
PB10KB_r11_2A_20260921/_extra/PB10K_r11_2A_ina_startup.csv,ina_startup,1301,81490,10834,d30742d7908f5da5c2099606ffecc87204b411824c80b904b733f0b58dd1f02f,2026-09-21T03:07:25,2026-09-21T03:11:45
PB20000_c1_10W_20260826/PB20000_c1_10W_20260826_soc.csv,derived_soc_1s,18410,2947920,498215,d942c9007b98b121b133332712f8639633eb7ea291355fd6176ac5c43421c241,2026-08-26T02:30:48,2026-08-26T07:38:24
PB20000_c1_10W_20260826/PB20000_c1_10W_ina.csv,ina_0.1s,184575,12133129,1215620,1c25926144b71a2dff833c4a73236128be5b5dd56d0ba6a01a107a852c3cba30,2026-08-26T02:30:48,2026-08-26T07:38:25
PB20000_c1_10W_20260826/PB20000_c1_10W_ina_aborted.csv,aborted,475,29376,3035,5aeb2eab033cff3a3eb5707a0ff3e1eb2c90e2fa640f512866e0d20a36b02ccd,2026-08-26T02:21:52,2026-08-26T02:22:40
PB20000_c1_10W_20260826/PB20000_c1_10W_mlx01.csv,mlx_ir_0.1s,292551,19489843,2528593,12a93b1ca00226534c81c41b7a36c59ae4be2bf736874003a20b25b371cb4266,2026-08-26T02:21:52,2026-08-26T10:29:27
PB20000_c1_10W_20260826/PB20000_c1_10W_temp.csv,temp_1s,11156,810102,122140,65d5bc13c59d791f07de4ecae24579f6d455fc75b76edfed9fe38f4fb2f9dc8c,2026-08-26T02:21:52,2026-08-26T10:29:29
PB20000_c4_14W_20260825/PB20000_c4_14W_20260825_soc.csv,derived_soc_1s,235,35591,7817,137254ae85cd73f0c590fa6852f8ee16dc32f8e31aa1d760dd5a4d2691bdadfb,2026-08-25T14:36:30,2026-08-25T14:40:24
PB20000_c4_14W_20260825/PB20000_c4_14W_ina.csv,ina_0.1s,2342,151552,19567,0ea5111b136dbdab614c650afdc9798863563ee835b36f9b08d1613a815077b8,2026-08-25T14:36:30,2026-08-25T14:40:24
PB20000_c4_14W_20260825/PB20000_c4_14W_mlx01.csv,mlx_ir_0.1s,2452,151552,22201,556c73d964eb7d9a3276144c93a0df29630a0cf8e6a0474329a0464038cb62bc,2026-08-25T14:36:30,2026-08-25T14:40:35
PB20000_c4_14W_20260825/PB20000_c4_14W_temp.csv,temp_1s,94,6564,1286,ec2260e3d93827aa98e39ab11adb3f2d50b30cb34ca1265644764e3ac634b334,2026-08-25T14:36:30,2026-08-25T14:40:27
PB20000_c8_14W_20260826/PB20000_c8_14W_20260826_soc.csv,derived_soc_1s,9699,1547187,306563,d09831ce2208779b39544d0daa7b1b82b8034b3d84216fe77a4707a58f7e57b3,2026-08-26T22:22:28,2026-08-27T01:04:32
PB20000_c8_14W_20260826/PB20000_c8_14W_ina.csv,ina_0.1s,97463,6370640,754083,a81476612081e3ce7da11fc8c2e3e2936347bd94b5c50b478dca00c49df6ef01,2026-08-26T22:22:07,2026-08-27T01:04:33
PB20000_c8_14W_20260826/PB20000_c8_14W_mlx01.csv,mlx_ir_0.1s,112701,7439882,1037348,d6c61288fc47c514d12405b13d094b38b05a988c1062f06552d325e821119399,2026-08-26T22:22:07,2026-08-27T01:29:57
PB20000_c8_14W_20260826/PB20000_c8_14W_temp.csv,temp_1s,4302,306482,55581,03dc22ff8adc996c30ac89fd0547d0d99f1c963393a3f579174a26f9898282f0,2026-08-26T22:22:07,2026-08-27T01:29:55
PB20000_r1_1A_20260821/PB20000_r1_1A_20260821_soc.csv,derived_soc_1s,38498,6128601,999927,4dd89238efff12da6e1bc63bec8e4157ef202efa6d9433ce4604baaa17330ac3,2026-08-20T22:59:02,2026-08-21T09:52:26
PB20000_r1_1A_20260821/PB20000_r1_1A_ina.csv,ina_0.1s,341424,22358319,2089141,a1a6c467e481c42c90d7e4bb2d0e44b080691ac3fb81ac4c8c6833fb88040f75,2026-08-20T22:59:02,2026-08-21T08:28:04
PB20000_r1_1A_20260821/PB20000_r1_1A_ina_aborted.csv,aborted,1812,110649,11720,aa849e01c56ce9e6998496c541c0d3a748dd76da783d6450590801640681de37,2026-08-20T22:53:35,2026-08-20T22:56:36
PB20000_r1_1A_20260821/PB20000_r1_1A_ina_part2.csv,ina_part2_0.1s,44704,2861233,277777,b65e526999f8c500a81e367ad8f0794ad5fbbdd393601f8b66736cca8c73545c,2026-08-21T08:37:57,2026-08-21T09:52:27
PB20000_r1_1A_20260821/PB20000_r1_1A_mlx01.csv,mlx_ir_0.1s,379751,25332232,3425687,9fda422fbe19ae358d4976ca9dd5820773a2ba99c82e531839bfef8b9d896af2,2026-08-20T23:21:02,2026-08-21T09:53:57
PB20000_r1_1A_20260821/PB20000_r1_1A_temp.csv,temp_1s,15296,1104162,166483,35b793e816649579dc3ac5b73f9bf347223ee436a7dce327e48d8b0c3f58fbec,2026-08-20T22:52:51,2026-08-21T09:53:57
PB20000_r4_2A_20260823/PB20000_r4_2A_20260823_soc.csv,derived_soc_1s,19189,3050803,546674,262fb7d3f224ce302874daea2b69bf0f5dcc444b1c445e80e851458085621173,2026-08-23T14:25:51,2026-08-23T19:46:28
PB20000_r4_2A_20260823/PB20000_r4_2A_ina.csv,ina_0.1s,192381,12529189,1239284,8cf506ad29fbeca2f953c7ddc9275f134da43d9fffb309fee7b20267cae9ec60,2026-08-23T14:25:51,2026-08-23T19:46:29
PB20000_r4_2A_20260823/PB20000_r4_2A_mlx01.csv,mlx_ir_0.1s,207101,13764665,1955722,ba733a9edf5d1cf8a33891420bf67fcc3d7d9b1304f328d08332d6707c9138cf,2026-08-23T14:25:51,2026-08-23T20:11:01
PB20000_r4_2A_20260823/PB20000_r4_2A_temp.csv,temp_1s,7985,578364,96137,ab2d992fb06905d452b77334dcb19a4abbaebc59f7e844aae254cde2febed579,2026-08-23T14:25:51,2026-08-23T20:11:01
PB20000_r9_3A_20260824/PB20000_r9_3A_20260824_soc.csv,derived_soc_1s,12276,1970180,357787,637583f11c515c8eecbcdc6e862cbea2b104c8fd6e8ce5338330478a3bff4e70,2026-08-24T22:52:29,2026-08-25T02:17:44
PB20000_r9_3A_20260824/PB20000_r9_3A_ina.csv,ina_0.1s,123173,8068747,818347,fba719ee4c49f858eaed7a1e42d74357e289b0e441f255c079c7d9ff96df60dd,2026-08-24T22:52:29,2026-08-25T02:17:46
PB20000_r9_3A_20260824/PB20000_r9_3A_mlx01.csv,mlx_ir_0.1s,142101,9409693,1329646,17151430862050e55e395a2eb3e94c0fd8177d07080ef0062dd74a91136eaa22,2026-08-24T22:52:29,2026-08-25T02:49:19
PB20000_r9_3A_20260824/PB20000_r9_3A_temp.csv,temp_1s,5478,394818,68279,e278da3b251188e1aafdb29c89fe72e56e0c9b31f0cf3c3d26afd8cea607b5c1,2026-08-24T22:52:29,2026-08-25T02:49:17
PB20KB_r10_2A_20260920/PB20KB_r10_2A_20260920_soc.csv,derived_soc_1s,5438,782516,161873,1c30a25c0b32b55331dcab201104e745addf1bac2a106279b85f1c62769068d8,2026-09-20T22:41:41,2026-09-21T00:13:15
PB20KB_r10_2A_20260920/PB20K_r10_2A_ina.csv,ina_0.1s,56793,3640172,410978,57fce0a2452c5c0ff472d69e356aa27ceea738b8de5b69b57e54cab0b858fb6f,2026-09-20T22:38:38,2026-09-21T00:13:17
PB20KB_r10_2A_20260920/PB20K_r10_2A_mlx01.csv,mlx_ir_0.1s,89151,5872893,825297,b028d36260f27c6783287ec3da393fdd30b7f9cecc4512a3cb7f80c00c72056f,2026-09-20T22:29:52,2026-09-21T00:58:27
PB20KB_r10_2A_20260920/PB20K_r10_2A_temp.csv,temp_1s,4861,294613,56155,1a071ee72aaf1434753050e9aaf95cadb8015b1ca819de93fbe7c954eaab5dda,2026-09-20T22:33:13,2026-09-21T00:58:25
PB20KB_r10_2A_20260920/_extra/PB20K_r10_3A_ina_aborted.csv,aborted,1408,86250,10722,ed1c9ee9a5a6a97b53c121947bea6c9d14c0f4878e706273be5cbb9f8c63d2df,2026-09-20T22:33:13,2026-09-20T22:35:34
PB5000_c3_10W_20260826/PB5000_c3_10W_20260826_soc.csv,derived_soc_1s,150,23312,6093,6ce781e8ba2e968fc33f79b2d29652e3eb278c5d3e323fe8bb18a0b96d83756f,2026-08-26T01:49:08,2026-08-26T01:51:39
PB5000_c3_10W_20260826/PB5000_c3_10W_ina.csv,ina_0.1s,2694,168776,23514,e5c0df3fa6fd515a98fc8610ed376cf9a282ad0b677cb338095faf0bece6baea,2026-08-26T01:47:12,2026-08-26T01:51:41
PB5000_c3_10W_20260826/PB5000_c3_10W_mlx01.csv,mlx_ir_0.1s,11701,761193,108746,ba76119c001892f82dc15de18575e84d2833e8099824ec89ae11da946e1bf742,2026-08-26T01:47:12,2026-08-26T02:06:41
PB5000_c3_10W_20260826/PB5000_c3_10W_temp.csv,temp_1s,448,31656,6035,ebef352af26c3066ee7421ecf7b450e12d7360a1095d883561a14b3e77e75f5e,2026-08-26T01:47:12,2026-08-26T02:06:41
PB5000_c7_8W_20260826/PB5000_c7_8W_20260826_soc.csv,derived_soc_1s,2876,448490,91795,2a7c9fc1ad0a68e69614546383d7c454f3e840a33c90c4fc140de24ed9517983,2026-08-26T20:10:20,2026-08-26T20:58:31
PB5000_c7_8W_20260826/PB5000_c7_8W_ina.csv,ina_0.1s,29109,1865627,223024,d7904b959f775517769f91076890039240dffd25f20430fac311ec3a57ac39f2,2026-08-26T20:10:03,2026-08-26T20:58:33
PB5000_c7_8W_20260826/PB5000_c7_8W_mlx01.csv,mlx_ir_0.1s,51301,3374765,450068,11406d61bf2fdaca33d7ac5b674757f83d7370609e9f56de9a7092922ef3393c,2026-08-26T20:10:03,2026-08-26T21:35:32
PB5000_c7_8W_20260826/PB5000_c7_8W_temp.csv,temp_1s,1949,137918,26732,6a29b86a0739797fcbd8ca78602ae42ef7f85481d58d22465b013089bb0c8012,2026-08-26T20:10:03,2026-08-26T21:35:31
PB5000_r3_1A_20260821/PB5000_r3_1A_20260821_soc.csv,derived_soc_1s,5717,895925,158913,2040fd749e4ed5334b010497475ffd10947298b3940e32625003da89dd5da3a4,2026-08-21T14:10:45,2026-08-21T15:46:26
PB5000_r3_1A_20260821/PB5000_r3_1A_ina.csv,ina_0.1s,59902,3848286,381633,8c37089cf5c094b66cd82d08454c57624076298288e642c352e9c6ad3b06fb4d,2026-08-21T14:06:37,2026-08-21T15:46:27
PB5000_r3_1A_20260821/PB5000_r3_1A_mlx01.csv,mlx_ir_0.1s,77201,5084193,678586,6aabf090bc4514dc9ff50ce29efb786b4622e7112ae328dbf5e1e1fed208eedf,2026-08-21T14:06:37,2026-08-21T16:15:17
PB5000_r3_1A_20260821/PB5000_r3_1A_temp.csv,temp_1s,2979,213508,37303,204ad17571046ba26d279d8058771be35f2e75e9a939fdcdabd4ee9b99375c78,2026-08-21T14:06:37,2026-08-21T16:15:18
PB5000_r3b_1A_20260822/PB5000_r3b_1A_20260822_soc.csv,derived_soc_1s,5348,840189,153333,3698ccd9a7bc28799143152ca060ea767f13fefdf5c9bbbe186d6b922d02508f,2026-08-22T13:57:03,2026-08-22T17:18:07
PB5000_r3b_1A_20260822/PB5000_r3b_1A_ina.csv,ina_0.1s,41449,2649799,260414,183b385cc094f37b60658cc00ff7821b6fc5f07c7daab45b545c12f9cf61018d,2026-08-22T13:57:03,2026-08-22T15:06:08
PB5000_r3b_1A_20260822/PB5000_r3b_1A_ina_part2.csv,ina_part2_0.1s,12233,775526,79250,2713b570a6e78ee171cc3f3a73e101a7c7d76ea590338d41d9fcb1f5aeef4f68,2026-08-22T16:57:45,2026-08-22T17:18:09
PB5000_r3b_1A_20260822/PB5000_r3b_1A_mlx01.csv,mlx_ir_0.1s,135351,8957433,1221120,b6e2afe841999f54d5a083f96ac4596ab3c285d8d456033a19edbe78467512c7,2026-08-22T13:57:03,2026-08-22T17:42:38
PB5000_r3b_1A_20260822/PB5000_r3b_1A_temp.csv,temp_1s,5219,376022,66485,1c4d5c40b6dd2dab76271012072b59dc1f2bb9e52595ee98bed5da93728c6253,2026-08-22T13:57:03,2026-08-22T17:42:37
PB5000_r6_2A_20260823/PB5000_r6_2A_20260823_soc.csv,derived_soc_1s,2499,394370,80377,5f872011f401c7453a391fcec182b1c4d5f0027a7d9486d57942478d9fc46ab6,2026-08-23T20:28:51,2026-08-23T21:10:34
PB5000_r6_2A_20260823/PB5000_r6_2A_ina.csv,ina_0.1s,25047,1606247,176070,08e43c023521d3947557b07317404d2ab5b488c5539bd97cde896b16183ea687,2026-08-23T20:28:51,2026-08-23T21:10:35
PB5000_r6_2A_20260823/PB5000_r6_2A_mlx01.csv,mlx_ir_0.1s,52201,3434193,498520,bb3b45c732c18b1268ecdbef1dda2c0e70d5c9daaa5a133768fe0f3dae8060d6,2026-08-23T20:28:50,2026-08-23T21:55:50
PB5000_r6_2A_20260823/PB5000_r6_2A_temp.csv,temp_1s,2013,144951,29770,05e8181575f5f0ea30bbe9bc60cb73a67e4f448e32172a2fd948baf23daa3eab,2026-08-23T20:28:50,2026-08-23T21:55:48
pilot_20260809/discharge_20260808.csv,other,423,20260,4042,87860a2c0214e212f5da164c4b421c9633ce19a12b97f10c8813ef437228867c,2026-08-09T07:29:43,2026-08-09T07:55:58
pilot_20260809/merged_18650_1A.csv,other,767,52382,9567,9eab57a8bbea99d0fe427f4db9a1ef55f486b7fdf29f067b460ebdd2bfc5c070,2026-08-09 09:36:51,2026-08-09 10:24:48
pilot_20260809/merged_discharge.csv,other,1581,166790,32181,80cf66c237498febb23158d3b784c604074571e8e6170c2f2f093b2b04e0bb98,2026-08-09 07:29:43,2026-08-09 09:09:28
pilot_20260809/run_18650_1A.csv,other,767,37046,7816,2d75602275838fa3f1d7c506e2522e4687fe5515028b960fc3be423494f654e6,2026-08-09T09:36:51,2026-08-09T10:24:48
pilot_20260809/run_1A_baseline.csv,other,71,3382,841,8ab19bd4b3550496d88af7908f2685ad5cc988107fd3ec88072b6801bfdee5da,2026-08-09T07:56:42,2026-08-09T08:00:59
pilot_20260809/run_2.5A.csv,other,529,25446,5511,770170eea245d6037af6f39bd7fd9b1bdb154691fbae3d2735ce35f42aa9a38d,2026-08-09T08:36:14,2026-08-09T09:09:28
pilot_20260809/run_2A.csv,other,561,26934,5485,1ab30d89e1dcdc0550afff998f27a398080d7984114d0e91e856a0b6b40a7117,2026-08-09T08:01:03,2026-08-09T08:36:07
