window_end,ae,informer,final,flag,wire,end_label,hist_end_label
2026-10-03 02:21:52,3.774740528067191,1.1062218748995842,2.573907134141768,True,1.0,idle,idle
2026-10-03 02:21:57,2.4647965691036053,1.0122100465517572,1.8111326339552738,True,0.9493404231683269,idle,idle
2026-10-03 02:22:02,2.435278465407413,1.0925129970321663,1.831034004638552,True,0.9531791002070942,pre,idle
2026-10-03 02:22:07,2.1515684192520954,0.9284568819056422,1.6011682274461916,True,0.9088414264383168,pre,idle
2026-10-03 02:22:12,2.5868386883498493,1.7275738537656289,2.2001695127869505,True,1.0,pre,idle
2026-10-03 02:22:17,2.2998920910730662,0.9015795767090352,1.6706514596092523,True,0.9222437037049668,pre,idle
2026-10-03 02:22:22,2.605743076298344,0.7892624559714446,1.7883267971512393,True,0.944941518013363,pre,idle
2026-10-03 02:22:27,3.2751237695714868,1.2696106648569812,2.3726428724499593,True,1.0,pre,idle
2026-10-03 02:22:32,4.5807337259225696,3.198439540559306,3.9587013425091007,True,1.0,pre,idle
2026-10-03 02:22:37,1.7479532287790014,3.242777457113634,2.420624131529586,True,1.0,pre,pre
2026-10-03 02:22:42,1.9755178534592375,1.891023412780534,1.9374953551538212,True,0.9737139039772935,pre,pre
2026-10-03 02:22:47,1.5435679075607043,4.580213231511099,2.910058303338382,True,1.0,pre,pre
2026-10-03 02:22:52,1.1480513782623951,10.857340248797444,5.5172313700031665,True,1.0,pre,pre
2026-10-03 02:22:57,1.1208183348113252,18.799928052633025,9.076417707831089,True,1.0,pre,pre
2026-10-03 02:23:02,3.2563641471876252,1.09947192107145,2.2857626454353466,True,1.0,pre,pre
2026-10-03 02:23:07,3.2117290559773366,1.328074013012281,2.364084286643062,True,1.0,pre,pre
2026-10-03 02:23:12,2.851265152643095,4.308228615558215,3.506898710954899,True,1.0,pre,pre
2026-10-03 02:23:17,1.356559464616003,4.5780171921703054,2.8062154420154393,True,1.0,pre,pre
2026-10-03 02:23:22,1.8534539186814842,3.9661457229260146,2.804165230591523,True,1.0,pre,pre
2026-10-03 02:23:27,1.815179139583586,3.6448446402888637,2.638528614900961,True,1.0,pre,pre
2026-10-03 02:23:32,1.8171745120011131,4.361343695301122,2.962050644486117,True,1.0,pre,pre
2026-10-03 02:23:37,1.7286544588143467,2.6978633517984245,2.1647984606571815,True,1.0,pre,pre
2026-10-03 02:23:42,3.749284292241567,2.626929232861531,3.2442245155205507,True,1.0,pre,pre
2026-10-03 02:23:47,3.145798890445363,0.23197281009083764,1.8345771542858265,True,0.9538625208323548,pre,pre
2026-10-03 02:23:52,3.475645087945845,0.27087027197350794,2.0334964207582935,True,0.9922310750856491,pre,pre
2026-10-03 02:23:57,3.2525145284834944,0.10036253338548645,1.834046130689391,True,0.9537600943151504,pre,pre
2026-10-03 02:24:02,3.1394063505616927,0.047814032741796034,1.7481898075427393,True,0.9371996924442908,pre,pre
2026-10-03 02:24:07,2.7026524321200633,0.1431280320482594,1.5508664520877518,True,0.8991389655801854,pre,pre
2026-10-03 02:24:12,2.5440832184110462,0.052024784511672126,1.4226569231563282,True,0.8744092631545256,pre,pre
2026-10-03 02:24:17,2.6041240735858127,0.06818663513297374,1.4629522262820354,True,0.8821816250355484,pre,pre
2026-10-03 02:24:22,2.499527942329723,0.05367425408524577,1.3988937826197085,True,0.8698257084135667,pre,pre
2026-10-03 02:24:27,2.6188636326535875,0.49929854215160857,1.6650593419276971,True,0.9211650677615487,pre,pre
2026-10-03 02:24:32,2.7531757588927697,1.3023645886220272,2.100310732270936,True,1.0,pre,pre
2026-10-03 02:24:37,2.828245476280344,1.652320650184842,2.299079304537368,True,1.0,pre,pre
2026-10-03 02:24:42,3.0651810883813906,1.813395739246948,2.5018776812708916,True,1.0,pre,pre
2026-10-03 02:24:47,3.2142260079361074,1.9401409588739802,2.64088773585815,True,1.0,pre,pre
2026-10-03 02:24:52,3.322491708498009,1.782956712115559,2.6297009601259065,True,1.0,pre,pre
2026-10-03 02:24:57,2.637173380560012,0.9319729805445943,1.8698332005530742,True,0.9606628853618951,pre,pre
2026-10-03 02:25:02,1.975001720435869,1.0276896966808315,1.5487113097461023,True,0.8987232708245917,pre,pre
2026-10-03 02:25:07,0.997338882757139,2.1611014989062807,1.5210320600242526,True,0.8933843571362573,pre,pre
2026-10-03 02:25:12,0.7009649003122628,2.07579468384441,1.319638302901729,True,0.8545385106103761,pre,pre
2026-10-03 02:25:17,0.4649586337396716,2.0143353706461897,1.1621781653476047,True,0.8241668028436333,pre,pre
2026-10-03 02:25:22,0.35193630460491293,3.7873227360631465,1.897860198761118,True,0.9660688745371626,pre,pre
2026-10-03 02:25:27,0.2644597797272295,4.587775917484646,2.2099520417180667,True,1.0,pre,pre
2026-10-03 02:25:32,1.483151623339258,4.2460438495760435,2.7264531251458113,True,1.0,pre,pre
2026-10-03 02:25:37,2.2329434114790994,3.7136307375918682,2.899252708229845,True,1.0,pre,pre
2026-10-03 02:25:42,0.817385898569654,7.886016154735803,3.998269513844421,True,1.0,pre,pre
2026-10-03 02:25:47,0.8434586226096814,11.364288265896938,5.577831962088947,True,1.0,pre,pre
2026-10-03 02:25:52,1.839657426568241,3.0710027633073422,2.3937628281008365,True,1.0,pre,pre
2026-10-03 02:25:57,2.296799458957052,9.876974608555832,5.707878276276503,True,1.0,pre,pre
2026-10-03 02:26:02,1.704325212630065,9.584213594084032,5.250274984284349,True,1.0,pre,pre
2026-10-03 02:26:07,3.0811909361728342,2.1030822895087984,2.641042045174018,True,1.0,pre,pre
2026-10-03 02:26:12,3.2234562497087285,2.261528630214041,2.790588820936119,True,1.0,pre,pre
2026-10-03 02:26:17,4.464499542969435,19.178462546340644,11.085782894486478,True,1.0,pre,pre
2026-10-03 02:26:22,4.032639848775495,0.954856669058073,2.647637417902655,True,1.0,pre,pre
2026-10-03 02:26:27,4.106892901868164,3.011747482672206,3.6140774632299832,True,1.0,pre,pre
2026-10-03 02:26:32,4.191306800959997,9.573552810413002,6.61331750521385,True,1.0,pre,pre
2026-10-03 02:26:37,4.5284843520661,1.9846235472965772,3.383746989919815,True,1.0,pre,pre
2026-10-03 02:26:42,4.708860457866794,1.4566557998551073,3.245368361761535,True,1.0,pre,pre
2026-10-03 02:26:47,5.02568262729564,1.837110880762944,3.590825341355927,True,1.0,pre,pre
2026-10-03 02:26:52,5.287149998195486,0.3287089083471444,3.055851507763732,True,1.0,pre,pre
2026-10-03 02:26:57,3.053971123135012,1.0183270413606107,2.1379312863365314,True,1.0,pre,pre
2026-10-03 02:27:02,2.723103434503886,0.26389873639175565,1.6164613203534273,True,0.9117912355509156,pre,pre
2026-10-03 02:27:07,3.914639603220573,0.6541145676352521,2.4474033372071786,True,1.0,pre,pre
2026-10-03 02:27:12,4.632671579048563,4.9883856884057005,4.792742928259274,True,1.0,pre,pre
2026-10-03 02:27:17,4.730004512794252,2.563761889785102,3.755195332440134,True,1.0,pre,pre
2026-10-03 02:27:22,3.241591155227304,2.277291198128629,2.8076561745329003,True,1.0,pre,pre
2026-10-03 02:27:27,1.6469996698157692,1.3373420396593882,1.5076537362453977,True,0.8908038783780664,pre,pre
2026-10-03 02:27:32,1.425610849046091,5.243086351468013,3.143474825135956,True,1.0,pre,pre
2026-10-03 02:27:37,0.7961415044837876,11.00091849263767,5.3882911491530345,True,1.0,pre,pre
2026-10-03 02:27:42,0.9227903965386396,18.425643469651664,8.7990742794395,True,1.0,pre,pre
2026-10-03 02:27:47,0.8744251997422278,24.118029285970984,11.334047038545167,True,1.0,pre,pre
2026-10-03 02:27:52,0.9954185562406097,30.621506439730435,14.32715810381103,True,1.0,pre,pre
2026-10-03 02:27:57,0.6741645632939477,35.05320480036553,16.144732669976158,True,1.0,pre,pre
2026-10-03 02:28:02,1.2337441931176278,25.6970654625748,12.242238764373354,True,1.0,pre,pre
2026-10-03 02:28:07,2.522660783663527,22.97131815773418,11.724556601995321,True,1.0,pre,pre
2026-10-03 02:28:12,3.888479484684497,22.495996856028846,12.261862301789453,True,1.0,pre,pre
2026-10-03 02:28:17,5.478302662210421,22.698106729964184,13.227214492699613,True,1.0,pre,pre
2026-10-03 02:28:22,7.290642826729955,24.10027157430285,14.854975763137757,True,1.0,pre,pre
2026-10-03 02:28:27,8.518998698525987,23.325948399447256,15.182126063940558,True,1.0,pre,pre
2026-10-03 02:28:32,10.16501579794785,23.475116549517512,16.1545611361542,True,1.0,pre,pre
2026-10-03 02:28:37,11.65497428967482,24.002494478712755,17.21135837474189,True,1.0,pre,pre
2026-10-03 02:28:42,13.304726700783032,24.196005094833602,18.20580197810579,True,1.0,pre,pre
2026-10-03 02:28:47,14.637162390703432,24.358427018681684,19.011731473293644,True,1.0,pre,pre
2026-10-03 02:28:52,15.221086962308625,22.529492574911572,18.509869487979948,True,1.0,pre,pre
2026-10-03 02:28:57,16.192299621318444,21.72344862700876,18.68131667387909,True,1.0,pre,pre
2026-10-03 02:29:02,16.05546042724616,19.42365422474736,17.5711476361217,True,1.0,pre,pre
2026-10-03 02:29:07,17.050243199205738,19.1596029399257,17.99945508252972,True,1.0,pre,pre
2026-10-03 02:29:12,17.91690436447069,18.147506253996816,18.020675214757446,True,1.0,pre,pre
2026-10-03 02:29:17,18.736906577891077,18.108632776637297,18.454183367326877,True,1.0,pre,pre
2026-10-03 02:29:22,19.353761918192134,17.5376703690512,18.536520721078716,True,1.0,pre,pre
2026-10-03 02:29:27,6.629909400868396,5.297123317617826,6.0301556634056395,True,1.0,pre,pre
2026-10-03 02:29:32,0.8653214002704271,0.17657457834082607,0.5553853304021067,False,0.6142510633475167,pre,pre
2026-10-03 02:29:37,0.05098304835959601,0.067021936379176,0.058200547968407006,False,0.06735609642738262,pre,pre
2026-10-03 02:29:42,0.042423284775540034,0.0447747408003157,0.04348143998668909,False,0.05032152044572996,pre,pre
2026-10-03 02:29:47,0.04263294715699432,0.03424360384790022,0.03885774266790198,False,0.04497046769233817,pre,pre
2026-10-03 02:29:52,0.031471495306905434,0.04111606105435823,0.035811549893259194,False,0.04144507727201751,pre,pre
2026-10-03 02:29:57,0.03339926227223411,0.0500054954729788,0.04087206721256922,False,0.04730166633225991,pre,pre
2026-10-03 02:30:02,0.02670335151775813,0.060493366636559666,0.04190885832121882,False,0.04850155541109064,pre,pre
2026-10-03 02:30:07,0.0276234265891443,0.046605904059753976,0.03616554145091865,False,0.04185475536482743,pre,pre
2026-10-03 02:30:12,0.02259804744515504,0.05699648367213375,0.03807734374729546,False,0.0440673039458949,pre,pre
2026-10-03 02:30:17,0.011511892525662159,0.05870045245863002,0.03274674449549769,False,0.03789814627035675,pre,pre
2026-10-03 02:30:22,0.004335330960017371,0.07686252664759212,0.036972569019426,False,0.04278873672104154,pre,pre
2026-10-03 02:30:27,0.0027190683740282453,0.08601564807316947,0.040202529238641795,False,0.04652680310660557,pre,pre
2026-10-03 02:30:32,0.006113890721768871,0.0643083973612591,0.03230141870953947,False,0.03738276613000336,pre,pre
2026-10-03 02:30:37,0.007455796271448409,0.08723147463591634,0.043354851535458976,False,0.05017501832117476,pre,pre
2026-10-03 02:30:42,0.008457054653894713,0.09061728450361892,0.0454291580862706,False,0.052575634757505596,pre,pre
2026-10-03 02:30:47,0.0155108541661215,0.10978918645087325,0.057936103694259784,False,0.06705005233242325,pre,pre
2026-10-03 02:30:52,0.023388320237854324,0.10955877526975039,0.062165025002207545,False,0.07194422672329952,pre,pre
2026-10-03 02:30:57,0.026490942178282482,0.08461588406347699,0.05264716602662001,False,0.06092911003934829,pre,pre
2026-10-03 02:31:02,0.02903104688219964,0.12303708611866442,0.07133376453860879,False,0.08255530386756683,pre,pre
2026-10-03 02:31:07,0.03410988676887874,0.13870427504697952,0.08117736149402408,False,0.09394740048633325,pre,pre
2026-10-03 02:31:12,0.032776943724132625,0.13845165906274373,0.08033056562650762,False,0.09296739486615062,pre,pre
2026-10-03 02:31:17,0.059748555114469824,0.15247499275991125,0.10147545205491845,False,0.11743859073858831,pre,pre
2026-10-03 02:31:22,0.049995396557412516,0.22774940413665468,0.1299846999680715,False,0.15043263836427173,pre,pre
2026-10-03 02:31:27,0.06022497331075827,0.3997613135569129,0.21301632642152785,False,0.24652599887622595,pre,pre
2026-10-03 02:31:32,0.05621687956326047,0.49725820166522783,0.25468547450914575,False,0.2947501351534311,pre,pre
2026-10-03 02:31:37,0.06497875574001241,0.5264587005650321,0.2726447309112713,False,0.3155345684313154,pre,pre
2026-10-03 02:31:42,0.08487464221544161,0.7145245930811709,0.3682171201050197,False,0.4261414834353436,pre,pre
2026-10-03 02:31:47,0.0749935760591983,0.6154056197780802,0.3181789957326951,False,0.368231844301066,pre,pre
2026-10-03 02:31:52,0.07657043986757392,0.5286270700747296,0.27999592346079394,False,0.3240421796395584,pre,pre
2026-10-03 02:31:57,0.08814575616248202,0.5022122435176576,0.274475675472311,False,0.3176535395185554,pre,pre
2026-10-03 02:32:02,0.10710160573503204,0.4680462810020409,0.269526709605186,False,0.3119260501082694,heat,pre
2026-10-03 02:32:07,0.13306252846357838,0.38086576579183146,0.24457398526129226,False,0.2830480040124569,heat,pre
2026-10-03 02:32:12,0.1453946399589203,0.8033098044614287,0.44145646398504906,False,0.5109021339938113,heat,pre
2026-10-03 02:32:17,0.14740308201711888,6.102108369974585,2.827020461597978,True,1.0,heat,pre
2026-10-03 02:32:22,0.17015215369393158,14.673655027630767,6.696728446965507,True,1.0,heat,pre
2026-10-03 02:32:27,0.3262631223749632,18.977501564063207,8.719320421134674,True,1.0,heat,pre
2026-10-03 02:32:32,0.37033599560252384,25.380708971349097,11.625003834688481,True,1.0,heat,pre
2026-10-03 02:32:37,0.2973564412628724,36.546416811064304,16.609433607673516,True,1.0,heat,heat
2026-10-03 02:32:42,0.28090026395623907,39.946308130272456,18.130333803798536,True,1.0,heat,heat
2026-10-03 02:32:47,1.347273143919335,13.789929020746904,6.946468288491741,True,1.0,heat,heat
2026-10-03 02:32:52,5.107994914787071,6.131580405804639,5.568608385744977,True,1.0,heat,heat
2026-10-03 02:32:57,6.919870694701509,11.107796966978446,8.80443751722613,True,1.0,heat,heat
2026-10-03 02:33:02,8.308337871700633,7.548809627477403,7.96655016180018,True,1.0,heat,heat
2026-10-03 02:33:07,12.60805705480755,3.7962726359388874,8.642754066316652,True,1.0,heat,heat
2026-10-03 02:33:12,16.41076315992458,6.547156717223538,11.972140260709113,True,1.0,heat,heat
2026-10-03 02:33:17,19.1062947988098,12.0935720317437,15.950569553630054,True,1.0,heat,heat
2026-10-03 02:33:22,20.723396868778483,19.06704149854374,19.97803695217285,True,1.0,heat,heat
2026-10-03 02:33:27,22.077133924726596,20.027309034647505,21.154712724191008,True,1.0,heat,heat
2026-10-03 02:33:32,24.115992820900686,19.592717843758212,22.080519081186573,True,1.0,heat,heat
2026-10-03 02:33:37,28.590990836681677,8.047314271570572,19.34633638238168,True,1.0,heat,heat
2026-10-03 02:33:42,33.513010341291384,10.522306686619249,23.167193696688926,True,1.0,heat,heat
2026-10-03 02:33:47,40.00910580377336,17.957128868562595,30.085716182928515,True,1.0,heat,heat
2026-10-03 02:33:52,46.23261033634609,15.64938958521078,32.4701609983352,True,1.0,heat,heat
2026-10-03 02:33:57,51.270200959398665,16.689510859530206,35.708890414457855,True,1.0,heat,heat
2026-10-03 02:34:02,58.47489091948769,18.75337657074722,40.60020946255448,True,1.0,heat,heat
2026-10-03 02:34:07,58.45628688772334,14.778322682748197,38.80120299548452,True,1.0,heat,heat
2026-10-03 02:34:12,53.01002627716894,11.146046541737801,34.17123539622493,True,1.0,heat,heat
2026-10-03 02:34:17,17.978066692960894,17.618929993059407,17.816455178005224,True,1.0,heat,heat
2026-10-03 02:34:22,16.805932483216488,13.977777438589715,15.533262713134441,True,1.0,heat,heat
2026-10-03 02:34:27,15.738745293621472,4.654182402232826,10.750691992496582,True,1.0,heat,heat
2026-10-03 02:34:32,12.357355525642175,5.2582939181733455,9.162777802281202,True,1.0,heat,heat
2026-10-03 02:34:37,12.492682087338983,5.353847363977435,9.280206461826287,True,1.0,heat,heat
2026-10-03 02:34:42,15.356757045900052,20.191347551524967,17.53232277343126,True,1.0,heat,heat
2026-10-03 02:34:47,22.664122288832203,3.3384438472052054,13.967566990100055,True,1.0,heat,heat
2026-10-03 02:34:52,21.82552104981876,2.3133265064424773,13.045033505299433,True,1.0,heat,heat
2026-10-03 02:34:57,17.65077721624286,2.8433035932528616,10.987414085897361,True,1.0,heat,heat
2026-10-03 02:35:02,12.593195489800287,3.199188059068756,8.365892145971099,True,1.0,heat,heat
2026-10-03 02:35:07,8.869711790658664,24.664044307873166,15.977161423405189,True,1.0,heat,heat
2026-10-03 02:35:12,9.395482442388854,3.4347466293716575,6.713151326531115,True,1.0,heat,heat
2026-10-03 02:35:17,10.71935085321904,2.9680076614153674,7.231246416907388,True,1.0,heat,heat
2026-10-03 02:35:22,12.805071693599494,3.2300984702049753,8.496333743071961,True,1.0,heat,heat
2026-10-03 02:35:27,14.17527971968213,5.700613138102368,10.361679757971238,True,1.0,heat,heat
2026-10-03 02:35:32,15.600570804165931,5.161403763970554,10.902945636078012,True,1.0,heat,heat
2026-10-03 02:35:37,31.030742302415526,19.800689268401776,25.977218437109336,True,1.0,heat,heat
2026-10-03 02:35:42,34.24312933625793,11.06171339938031,23.811492164663004,True,1.0,heat,heat
2026-10-03 02:35:47,25.623995933969283,9.304705334246288,18.280315164093935,True,1.0,heat,heat
2026-10-03 02:35:52,12.610471515052112,9.740612797808215,11.319035092292358,True,1.0,heat,heat
2026-10-03 02:35:57,6.3288278249029,27.928386087958874,16.048629043278087,True,1.0,heat,heat
2026-10-03 02:36:02,4.4968586861562,20.304752558281713,11.61041092861268,True,1.0,heat,heat
2026-10-03 02:36:07,4.61487786886181,9.680236794669222,6.894289385475146,True,1.0,heat,heat
2026-10-03 02:36:12,4.960019308211359,8.56951479185166,6.584292275849494,True,1.0,heat,heat
2026-10-03 02:36:17,5.120685490388422,7.415339996036562,6.153280017930085,True,1.0,heat,heat
2026-10-03 02:36:22,5.277618638509954,8.238134308205172,6.609850689872802,True,1.0,heat,heat
2026-10-03 02:36:27,5.874544009125072,12.172494419747736,8.70862169390527,True,1.0,heat,heat
2026-10-03 02:36:32,6.8078986576999325,24.322082173304658,14.689281239722057,True,1.0,heat,heat
2026-10-03 02:36:37,7.2198569854964365,42.27962839446873,22.996754119533968,True,1.0,heat,heat
2026-10-03 02:36:42,7.656259302623003,53.54912460786229,28.30804868998068,True,1.0,heat,heat
2026-10-03 02:36:47,8.204499273650939,66.30860211423604,34.35134555191423,True,1.0,heat,heat
2026-10-03 02:36:52,8.729808787614084,74.95964959071311,38.53323714900864,True,1.0,heat,heat
2026-10-03 02:36:57,10.983294005555527,11.439503276452912,11.18858817745935,True,1.0,heat,heat
2026-10-03 02:37:02,17.617526446842355,9.319596887422145,13.88345814510326,True,1.0,heat,heat
2026-10-03 02:37:07,24.651369173864765,6.667721940168366,16.558727918701386,True,1.0,heat,heat
2026-10-03 02:37:12,29.179515585536027,2150.2624145897653,983.6668201374391,True,1.0,between,heat
2026-10-03 02:42:27,0.978555723457568,1.1558635070214665,1.0583442260613223,True,0.8041387874407592,heat,between
2026-10-03 02:42:32,0.7765812623518025,1.5894003850741925,1.142349867576878,True,0.8203422204778427,heat,heat
2026-10-03 02:42:37,0.73311055705398,1.5897516473344993,1.1185990476802137,True,0.8157610422042363,heat,heat
2026-10-03 02:42:42,0.8825899206249743,1.0327368197635538,0.9501560252373351,False,0.7665418000971687,heat,heat
2026-10-03 02:42:47,0.9291743448620859,0.8796372930886712,0.9068826715640493,False,0.7498482334298566,heat,heat
2026-10-03 02:42:52,1.0111659174430425,0.9481941984412895,0.9828286438922538,False,0.7791459199865003,heat,heat
2026-10-03 02:42:57,1.094772184218195,1.920515672125639,1.4663567537765447,True,0.8828383075188312,heat,heat
2026-10-03 02:43:02,1.1189897172295855,2.6032820959125735,1.78692128763693,True,0.9446704162291587,heat,heat
2026-10-03 02:43:07,1.2486856451548518,2.959864031521862,2.018715919020006,True,0.9893801371504095,heat,heat
2026-10-03 02:43:12,1.310248064039556,2.9591805361888586,2.052267676506742,True,0.9958517698396512,heat,heat
2026-10-03 02:43:17,1.6971246616156779,2.9279901311382237,2.2510141229008234,True,1.0,heat,heat
2026-10-03 02:43:22,2.4518457089464243,1.3752911464609414,1.9673961558279571,True,0.9794813216499366,heat,heat
2026-10-03 02:43:27,2.1831320159770042,2.165166170215782,2.1750473853844543,True,1.0,heat,heat
2026-10-03 02:43:32,1.4909835769313542,1.0083564322394776,1.2738013618200097,True,0.845697249570725,heat,heat
2026-10-03 02:43:37,1.4123047068100556,0.7475786761254217,1.1131779930019703,True,0.8147154017581357,heat,heat
2026-10-03 02:43:42,1.704746432149329,0.34968262789368226,1.094967720234288,True,0.8112029122389226,heat,heat
2026-10-03 02:43:47,1.993141615739432,0.48337504546406795,1.3137466591155182,True,0.8534021005568854,heat,heat
2026-10-03 02:43:52,2.2356959457551002,0.2934674150553623,1.3616931069402183,True,0.8626502539270335,heat,heat
2026-10-03 02:43:57,2.391233415048739,0.2614276527928962,1.4328208220336098,True,0.8763697273791006,heat,heat
2026-10-03 02:44:02,1.9917195742381413,0.42906149424084766,1.288523438239359,True,0.8485369181349318,heat,heat
2026-10-03 02:44:07,1.7453083569928276,0.3081390285806404,1.0985821592073435,True,0.8119000835099222,heat,heat
2026-10-03 02:44:12,1.3702921664980126,0.5794067678465002,1.014393737104832,False,0.7913227896574402,heat,heat
2026-10-03 02:44:17,1.2611400696101953,1.0132616892952764,1.1495947984684818,True,0.8217396593931644,heat,heat
2026-10-03 02:44:22,1.580293324671943,1.2176000752124414,1.4170813624151672,True,0.873333820797516,heat,heat
2026-10-03 02:44:27,1.7761395091258776,2.9799134504503733,2.3178377827219006,True,1.0,heat,heat
2026-10-03 02:44:32,2.3569109675604722,1.050833178560007,1.7691759625102628,True,0.9412476081626554,heat,heat
2026-10-03 02:44:37,1.7367438835508495,3.3863492580205476,2.479066302062214,True,1.0,heat,heat
2026-10-03 02:44:42,1.6921556173312347,3.702889722389224,2.5969859646073297,True,1.0,heat,heat
2026-10-03 02:44:47,1.2709680101352512,1.944307198741259,1.5739706450079547,True,0.9035954191719248,heat,heat
2026-10-03 02:44:52,1.204539454204174,1.9656598136436785,1.547043615951951,True,0.8984015976103601,heat,heat
2026-10-03 02:44:57,0.9227237432957845,1.3204119620315673,1.1016834417268866,True,0.8124982745686166,heat,heat
2026-10-03 02:45:02,0.8318077992178637,1.7002867886854147,1.2226233444782615,True,0.8358257747268104,heat,heat
2026-10-03 02:45:07,0.8496260112271481,2.1019868994480335,1.4131884109265465,True,0.8725829286237945,heat,heat
2026-10-03 02:45:12,0.9578217663939007,2.2210317677833418,1.5262662670191491,True,0.894393957456116,heat,heat
2026-10-03 02:45:17,1.064648910137311,2.6610599103084147,1.7830338602143074,True,0.9439205895652278,heat,heat
2026-10-03 02:45:22,1.181853658790185,1.847902470241728,1.4815756239433793,True,0.8857738001738418,heat,heat
2026-10-03 02:45:27,1.407906118091171,2.518758587223467,1.907789729200704,True,0.9679841325920365,heat,heat
2026-10-03 02:45:32,1.5812013312548707,5.5334955878535546,3.3597337467242783,True,1.0,heat,heat
2026-10-03 02:45:37,1.7614146227516905,7.9744089985564335,4.557262091863825,True,1.0,heat,heat
2026-10-03 02:45:42,2.008196027983345,10.16255074048956,5.677655648611142,True,1.0,heat,heat
2026-10-03 02:45:47,2.1668446273007747,13.917991610173486,7.454860769593495,True,1.0,heat,heat
2026-10-03 02:45:52,2.2191176513579967,15.776213297750452,8.3198106922346,True,1.0,heat,heat
2026-10-03 02:45:57,3.367643246691674,6.163139900263508,4.625616740798999,True,1.0,heat,heat
2026-10-03 02:46:02,4.926287525656329,5.443217796987169,5.158906147755207,True,1.0,heat,heat
2026-10-03 02:46:07,7.099029519094286,1.653177556150741,4.648396135769691,True,1.0,heat,heat
2026-10-03 02:46:12,7.424005585162116,2.028055734430024,4.995828152332675,True,1.0,heat,heat
2026-10-03 02:46:17,6.060433095342022,2.8392325693780447,4.610892858658232,True,1.0,heat,heat
2026-10-03 02:46:22,5.162824411472003,1.5183227282025495,3.522798654000749,True,1.0,heat,heat
2026-10-03 02:46:27,5.834230561940436,1.2953528001967447,3.791735569155775,True,1.0,heat,heat
2026-10-03 02:46:32,8.38618138838002,1.2226000221272817,5.162569773566288,True,1.0,heat,heat
2026-10-03 02:46:37,9.88452296322355,2.3223047087338036,6.481524748703164,True,1.0,heat,heat
2026-10-03 02:46:42,10.792185150529493,1.7238582892898404,6.7114380629716495,True,1.0,heat,heat
2026-10-03 02:46:47,9.002414832512278,3.2719089987929277,6.4236872073385705,True,1.0,heat,heat
2026-10-03 02:46:52,6.665580651304662,3.6786588390845956,5.321465835805633,True,1.0,heat,heat
2026-10-03 02:46:57,5.584535378892717,1.546541790530081,3.767438264129531,True,1.0,heat,heat
2026-10-03 02:47:02,6.035796097594138,1.9285379340995978,4.187529924021595,True,1.0,heat,heat
2026-10-03 02:47:07,7.1855928063132515,2.865017991645075,5.241334139712572,True,1.0,heat,heat
2026-10-03 02:47:12,10.738928681601285,5.069630098254068,8.187744319095039,True,1.0,heat,heat
2026-10-03 02:47:17,11.882582559122968,5.6109264832337455,9.060337324972817,True,1.0,heat,heat
2026-10-03 02:47:22,9.413195732727324,6.645841729865104,8.167886431439324,True,1.0,heat,heat
2026-10-03 02:47:27,2.833915501941225,4.2428479148314775,3.4679350877418385,True,1.0,heat,heat
2026-10-03 02:47:32,3.12261773016082,5.423907375103392,4.158198070384977,True,1.0,heat,heat
2026-10-03 02:47:37,2.4523753639444705,5.634441617352658,3.8843051779781543,True,1.0,heat,heat
2026-10-03 02:47:42,3.04806112806833,5.971678960444122,4.363689152637436,True,1.0,heat,heat
2026-10-03 02:47:47,3.80305295124635,6.374139798715181,4.960042032607324,True,1.0,heat,heat
2026-10-03 02:47:52,3.214927997734097,4.776099176401611,3.917455028134478,True,1.0,heat,heat
2026-10-03 02:47:57,4.065731521846315,6.329655003986768,5.084497088809519,True,1.0,heat,heat
2026-10-03 02:48:02,5.172355169744468,7.727568412969121,6.322201129195562,True,1.0,heat,heat
2026-10-03 02:48:07,7.073323051326568,6.342857167526313,6.744613403616453,True,1.0,heat,heat
2026-10-03 02:48:12,10.18383409088161,7.960472057413356,9.183321175820897,True,1.0,heat,heat
2026-10-03 02:48:17,12.70029569347937,6.988044780178378,10.129782782493924,True,1.0,heat,heat
2026-10-03 02:48:22,11.23709056782534,4.2288259423418415,8.083371486357766,True,1.0,heat,heat
2026-10-03 02:48:27,10.541814071632968,5.660812156482304,8.34536320981517,True,1.0,heat,heat
2026-10-03 02:48:32,11.861922855695527,7.485222320630144,9.892407614916104,True,1.0,heat,heat
2026-10-03 02:48:37,13.64608162347033,5.448741571216991,9.957278599956329,True,1.0,heat,heat
2026-10-03 02:48:42,14.890431119266239,6.934506827401653,11.310265187927175,True,1.0,heat,heat
2026-10-03 02:48:47,14.640137826206015,3.372754293446904,9.569815236464416,True,1.0,heat,heat
2026-10-03 02:48:52,12.051012249195136,5.42522123441066,9.069406292542123,True,1.0,heat,heat
2026-10-03 02:48:57,12.744873557445036,4.4962428574664575,9.032989742454676,True,1.0,heat,heat
2026-10-03 02:49:02,13.203412700344073,4.363583776271985,9.225489684511633,True,1.0,heat,heat
2026-10-03 02:49:07,11.87100671346223,4.124035904219754,8.384869849303115,True,1.0,heat,heat
2026-10-03 02:49:12,9.691859440107242,4.564646547068762,7.384613638239927,True,1.0,heat,heat
2026-10-03 02:49:17,4.4029435318511485,5.505437754585006,4.899065932081385,True,1.0,heat,heat
2026-10-03 02:49:22,4.457328771134251,5.561177021611373,4.954060483848956,True,1.0,heat,heat
2026-10-03 02:49:27,5.415353586165943,4.141287807203702,4.842023985632935,True,1.0,heat,heat
2026-10-03 02:49:32,5.912968114986799,3.965234223378041,5.036487863762858,True,1.0,heat,heat
2026-10-03 02:49:37,5.694406986168173,3.71018922313969,4.801508992805355,True,1.0,heat,heat
2026-10-03 02:49:42,5.234806788617042,4.575340322324314,4.938046878785315,True,1.0,heat,heat
2026-10-03 02:49:47,5.5000715474790445,11.939341546397229,8.397743046992227,True,1.0,heat,heat
2026-10-03 02:49:52,6.5923159008872885,11.01937542177396,8.584492685286289,True,1.0,heat,heat
2026-10-03 02:49:57,8.100991935432015,2121.9358877265713,959.3266950414446,True,1.0,between,heat
2026-10-03 02:55:27,3.298798011466071,37.77991298490844,18.815299749515138,True,1.0,heat,heat
2026-10-03 02:55:32,3.9950690817863337,28.817568077124537,15.165193629688524,True,1.0,heat,heat
2026-10-03 02:55:37,5.646414929656092,23.42423654199764,13.646434655209788,True,1.0,heat,heat
2026-10-03 02:55:42,8.348581303956813,17.8533328321324,12.625719491635827,True,1.0,heat,heat
2026-10-03 02:55:47,14.097504419456499,6.693475484975034,10.76569139893984,True,1.0,heat,heat
2026-10-03 02:55:52,23.54987715123052,2.7388954943785238,14.184935405647122,True,1.0,heat,heat
2026-10-03 02:55:57,28.259877269003628,6.652025186335799,18.536343831803105,True,1.0,heat,heat
2026-10-03 02:56:02,31.053941316498506,10.889861778310312,21.98010552431382,True,1.0,heat,heat
2026-10-03 02:56:07,32.54270771656282,18.13235371724492,26.058048416869767,True,1.0,heat,heat
2026-10-03 02:56:12,35.344700720125964,15.734293454657285,26.520017450665062,True,1.0,heat,heat
2026-10-03 02:56:17,40.26686139034439,14.43076777358433,28.640619262802364,True,1.0,heat,heat
2026-10-03 02:56:22,45.90136479621031,12.946167108860411,31.071525836902858,True,1.0,heat,heat
2026-10-03 02:56:27,49.03681655857854,12.503284730348502,32.59672723587503,True,1.0,heat,heat
2026-10-03 02:56:32,51.755693284903245,9.072359472553057,32.54819306934566,True,1.0,heat,heat
2026-10-03 02:56:37,45.70808679339909,7.365106371932053,28.453745603738923,True,1.0,heat,heat
2026-10-03 02:56:42,48.083608933306856,6.59525595969092,29.41385009517969,True,1.0,heat,heat
2026-10-03 02:56:47,49.79133774448254,8.572134507699342,31.2426962879301,True,1.0,heat,heat
2026-10-03 02:56:52,35.97313021591068,6.619592222893626,22.764038119053005,True,1.0,heat,heat
2026-10-03 02:56:57,23.644418267864886,5.695594565005054,15.567447601577962,True,1.0,heat,heat
2026-10-03 02:57:02,15.159715557157401,2.968328218322943,9.673591254681895,True,1.0,heat,heat
2026-10-03 02:57:07,10.098609853944057,2.1174643011072445,6.507094355167491,True,1.0,heat,heat
2026-10-03 02:57:12,4.049062592910313,3.8091307161695784,3.9410932483769825,True,1.0,heat,heat
2026-10-03 02:57:17,4.945287394884101,4.724746162137105,4.846043840147953,True,1.0,heat,heat
2026-10-03 02:57:22,3.915807326409274,6.6815335536306675,5.160384128658901,True,1.0,heat,heat
2026-10-03 02:57:27,7.374946653171675,4.064914381600002,5.885432130964422,True,1.0,heat,heat
2026-10-03 02:57:32,11.887413520775894,1.7422390920832567,7.322085027864207,True,1.0,heat,heat
2026-10-03 02:57:37,12.853812609894712,1.6251716373429674,7.800924172246428,True,1.0,heat,heat
2026-10-03 02:57:42,6.552267926317293,6.475888131539384,6.5178970186672345,True,1.0,heat,heat
2026-10-03 02:57:47,4.380703970358577,5.242778105934182,4.768637331367599,True,1.0,heat,heat
2026-10-03 02:57:52,3.106272784651331,12.317437097920166,7.251296725622307,True,1.0,heat,heat
2026-10-03 02:57:57,2.408251332170572,18.53605897621975,9.665764771992702,True,1.0,heat,heat
2026-10-03 02:58:02,2.0948525378963523,20.13142973477727,10.211312276492764,True,1.0,heat,heat
2026-10-03 02:58:07,2.0050886363367435,28.0335534157033,13.717897787051694,True,1.0,heat,heat
2026-10-03 02:58:12,5.000711475235237,6.421776463155305,5.640190719799268,True,1.0,heat,heat
2026-10-03 02:58:17,3.925644144063376,7.672060434009789,5.611531474539262,True,1.0,heat,heat
2026-10-03 02:58:22,4.835549064505266,6.0897483858149615,5.3999387590946295,True,1.0,heat,heat
2026-10-03 02:58:27,7.663009503746223,7.026598549454142,7.376624574314787,True,1.0,heat,heat
2026-10-03 02:58:32,9.284797428761639,4.379230356827167,7.077292246391127,True,1.0,heat,heat
2026-10-03 02:58:37,9.635035987739338,4.137725137225475,7.1612461050081,True,1.0,heat,heat
2026-10-03 02:58:42,9.736193409146885,4.946550660630462,7.5808541723144955,True,1.0,heat,heat
2026-10-03 02:58:47,10.05555836690258,4.293226662620013,7.462509099975426,True,1.0,heat,heat
2026-10-03 02:58:52,11.204604691564578,2.283078674047452,7.189917983681871,True,1.0,heat,heat
2026-10-03 02:58:57,11.417959650423128,1.9987014572018464,7.179293463473552,True,1.0,heat,heat
2026-10-03 02:59:02,19.67466696608349,2.2259413023524766,11.822740417404535,True,1.0,heat,heat
2026-10-03 02:59:07,21.579681129873286,7.302339198315794,15.154877260672414,True,1.0,heat,heat
2026-10-03 02:59:12,19.2001612993385,8.533798906193404,14.400298222423208,True,1.0,heat,heat
2026-10-03 02:59:17,17.081630551278195,10.004499234315103,13.896921458644805,True,1.0,heat,heat
2026-10-03 02:59:22,17.839377962279446,2.542411534437468,10.955743069750557,True,1.0,heat,heat
2026-10-03 02:59:27,18.51300604805515,2.7270861530913892,11.409342095321458,True,1.0,heat,heat
2026-10-03 02:59:32,16.352715772877918,2.6444858025262397,10.184012286219662,True,1.0,heat,heat
2026-10-03 02:59:37,7.597956669858363,3.250357348504299,5.641536975249035,True,1.0,heat,heat
2026-10-03 02:59:42,5.455736844549972,3.455369654039471,4.555571608820246,True,1.0,heat,heat
2026-10-03 02:59:47,5.742423419288592,2.5883848840302854,4.323106078422354,True,1.0,heat,heat
2026-10-03 02:59:52,11.331252813996347,4.949851880056054,8.459622393723215,True,1.0,heat,heat
2026-10-03 02:59:57,11.172360561327103,8.434973480633337,9.940536375014908,True,1.0,heat,heat
2026-10-03 03:00:02,5.255873036420269,5.191637171670095,5.226966897282691,True,1.0,heat,heat
2026-10-03 03:00:07,4.856231150115871,2.3752145709679904,3.7397736894993248,True,1.0,heat,heat
2026-10-03 03:00:12,4.749705707120465,7.724193703014354,6.088225305272715,True,1.0,heat,heat
2026-10-03 03:00:17,3.565950957249398,2.831082740490943,3.2352602597080935,True,1.0,heat,heat
2026-10-03 03:00:22,3.361966411021288,5.344616870953392,4.254159117990735,True,1.0,heat,heat
2026-10-03 03:00:27,3.524556960679224,4.755696271079858,4.078569650359509,True,1.0,heat,heat
2026-10-03 03:00:32,4.46995193840817,4.981022467348063,4.6999336764311215,True,1.0,heat,heat
2026-10-03 03:00:37,5.625997509363167,10.787630481772004,7.948732346947143,True,1.0,heat,heat
2026-10-03 03:00:42,6.261563753958885,3.2700311303423875,4.915374073331462,True,1.0,heat,heat
2026-10-03 03:00:47,5.408927632492046,5.00746127712032,5.228267772574769,True,1.0,heat,heat
2026-10-03 03:00:52,4.253896962422817,5.700591797431244,4.904909638176609,True,1.0,heat,heat
2026-10-03 03:00:57,3.821927165554226,6.911501024596847,5.2122354021234045,True,1.0,heat,heat
2026-10-03 03:01:02,4.2224423448535555,9.809940912904052,6.736816700476279,True,1.0,heat,heat
2026-10-03 03:01:07,4.605463913574609,5.611337543249467,5.058107046928296,True,1.0,heat,heat
2026-10-03 03:01:12,4.7306616812291375,5.159878932953724,4.923809444505201,True,1.0,heat,heat
2026-10-03 03:01:17,4.965838324877748,4.52408345399239,4.767048632979337,True,1.0,heat,heat
2026-10-03 03:01:22,6.695425738795887,2.3013376457628025,4.718086096930999,True,1.0,heat,heat
2026-10-03 03:01:27,7.591787500203644,2.0244519715512483,5.086486512310065,True,1.0,heat,heat
2026-10-03 03:01:32,6.792355793673904,1.9170171168720929,4.598453389113089,True,1.0,heat,heat
2026-10-03 03:01:37,6.8892466118533076,1.3023799704513772,4.3751566232224395,True,1.0,heat,heat
2026-10-03 03:01:42,7.775542481640593,0.4376133180861192,4.47347435804108,True,1.0,heat,heat
2026-10-03 03:01:47,6.73574809795219,1.0139536862089775,4.160940612667745,True,1.0,heat,heat
2026-10-03 03:01:52,6.077768134233219,2.597457713118363,4.511628444731534,True,1.0,heat,heat
2026-10-03 03:01:57,6.808526288056002,5.345196797493135,6.150028017302712,True,1.0,heat,heat
2026-10-03 03:02:02,7.808777578471298,6.692549791098081,7.30647507415335,True,1.0,heat,heat
2026-10-03 03:02:07,10.272928002870565,12.056087522653552,11.07534978677291,True,1.0,heat,heat
2026-10-03 03:02:12,11.532996641054993,15.26755787920114,13.21354919822076,True,1.0,heat,heat
2026-10-03 03:02:17,11.794780877427359,17.65531929442714,14.432023165077261,True,1.0,heat,heat
2026-10-03 03:02:22,13.37305654956443,9.588706765701145,11.670099146825951,True,1.0,heat,heat
2026-10-03 03:02:27,10.741288772605142,4.244412554409394,7.817694474417055,True,1.0,heat,heat
2026-10-03 03:02:32,10.1825628772012,5.5450227902466205,8.09566983807164,True,1.0,heat,heat
2026-10-03 03:02:37,7.60711383030304,11.208378823170552,9.22768307709342,True,1.0,heat,heat
2026-10-03 03:02:42,8.100257326745734,14.292311390679751,10.886681655516043,True,1.0,heat,heat
2026-10-03 03:02:47,10.73354195962248,19.800790531902358,14.813803817148425,True,1.0,heat,heat
2026-10-03 03:02:52,19.202936853884022,32.648876410784254,25.253609654489125,True,1.0,heat,heat
2026-10-03 03:02:57,22.627688697598526,37.701700689935514,29.41099409415017,True,1.0,heat,heat
2026-10-03 03:03:02,25.657315209344127,32.51185970513877,28.741860232451714,True,1.0,heat,heat
2026-10-03 03:03:07,22.63864335675539,20.375667897210484,21.620304399960183,True,1.0,heat,heat
2026-10-03 03:03:12,21.01823192403148,15.720799366411288,18.634387273102394,True,1.0,heat,heat
2026-10-03 03:03:17,23.99494361744722,10.360437608251353,17.859415913309082,True,1.0,heat,heat
2026-10-03 03:03:22,27.479573592485895,6.051498161214925,17.83693964841396,True,1.0,heat,heat
2026-10-03 03:03:27,24.340889078921613,2.233404939807627,14.39252121632032,True,1.0,heat,heat
2026-10-03 03:03:32,21.906968104689557,1.2496198486610608,12.611161389476734,True,1.0,heat,heat
2026-10-03 03:03:37,21.84575139541054,1.103565781088418,12.511767868965586,True,1.0,heat,heat
2026-10-03 03:03:42,19.35242581824783,0.8685138852904224,11.034665448416998,True,1.0,heat,heat
2026-10-03 03:03:47,12.32421404660737,1.5895708681477203,7.493624616300528,True,1.0,heat,heat
2026-10-03 03:03:52,7.687236962121952,0.8728033970824071,4.620741857854156,True,1.0,heat,heat
2026-10-03 03:03:57,5.262506940293223,1.0312918547006653,3.358460151776572,True,1.0,heat,heat
2026-10-03 03:04:02,4.597324054713129,0.811539336017572,2.893720931300128,True,1.0,heat,heat
2026-10-03 03:04:07,5.33038780222757,1.497050196038452,3.605385879442467,True,1.0,heat,heat
2026-10-03 03:04:12,6.644522244438691,0.7210913983305479,3.9789783636900267,True,1.0,heat,heat
2026-10-03 03:04:17,6.125921479432818,2.0380658672066114,4.2863864539310255,True,1.0,heat,heat
2026-10-03 03:04:22,5.557119942257189,1.4618067000774528,3.714228983276308,True,1.0,heat,heat
2026-10-03 03:04:27,5.9614202418774775,2.613392754341503,4.454807872486289,True,1.0,heat,heat
2026-10-03 03:04:32,9.92977977591558,3.1890595368364925,6.896455668329992,True,1.0,heat,heat
2026-10-03 03:04:37,13.687992804833868,4.506012309439902,9.556101581906585,True,1.0,heat,heat
2026-10-03 03:04:42,16.34644602214119,6.2606373395794,11.807832114988384,True,1.0,heat,heat
2026-10-03 03:04:47,17.3604077196416,4.918774345615726,11.761672701329958,True,1.0,heat,heat
2026-10-03 03:04:52,15.160487581430546,3.528925231558093,9.926284523987942,True,1.0,heat,heat
2026-10-03 03:04:57,6.734500697116621,2.1362281212290224,4.665278037967202,True,1.0,heat,heat
2026-10-03 03:05:02,6.532188432796827,3.4082099014316722,5.126398093682508,True,1.0,heat,heat
2026-10-03 03:05:07,3.741450053762137,3.947586495591862,3.8342114525855133,True,1.0,heat,heat
2026-10-03 03:05:12,3.1047337283012126,4.316992152410185,3.65025001915025,True,1.0,heat,heat
2026-10-03 03:05:17,3.148388967139605,2.7016735213098184,2.947367016516201,True,1.0,heat,heat
2026-10-03 03:05:22,3.785102170320468,2.3450894414920294,3.1370964423476706,True,1.0,heat,heat
2026-10-03 03:05:27,3.86216316755057,2.5752598594458953,3.2830566789034665,True,1.0,heat,heat
2026-10-03 03:05:32,3.9027953417323076,2.212577867356856,3.1421974782633546,True,1.0,heat,heat
2026-10-03 03:05:37,4.936122334751241,2.0446362864209555,3.6349536130026125,True,1.0,heat,heat
2026-10-03 03:05:42,6.660167376904542,2.282210622013473,4.690086837203561,True,1.0,heat,heat
2026-10-03 03:05:47,7.305133356593981,2.655458276823939,5.212779570697462,True,1.0,heat,heat
2026-10-03 03:05:52,6.71735269295342,2.00762272895665,4.597974209154874,True,1.0,heat,heat
2026-10-03 03:05:57,6.150290507128472,2.1696197594977265,4.358988670694637,True,1.0,heat,heat
2026-10-03 03:06:02,7.2219700234644515,2.5486756417243437,5.118987551681403,True,1.0,heat,heat
2026-10-03 03:06:07,8.718426177755259,3.514352693818423,6.376593109983682,True,1.0,heat,heat
2026-10-03 03:06:12,8.17752820696095,4.827489520792349,6.67001079818508,True,1.0,heat,heat
2026-10-03 03:06:17,3.341331754407712,6.265429158881084,4.657175586420729,True,1.0,heat,heat
2026-10-03 03:06:22,2.5312579603211414,1.894439294984221,2.244689560919527,True,1.0,heat,heat
2026-10-03 03:06:27,2.9707238048644036,1.828363593439858,2.4566617097233583,True,1.0,heat,heat
2026-10-03 03:06:32,4.714121308823369,2.8075200144107564,3.8561507263376935,True,1.0,heat,heat
2026-10-03 03:06:37,4.854402843733237,4.0401053887303275,4.487968988981928,True,1.0,heat,heat
2026-10-03 03:06:42,3.4760148698805824,6.246833817006012,4.722883396087026,True,1.0,heat,heat
2026-10-03 03:06:47,2.067545282240452,3.595779861173891,2.7552508427605,True,1.0,heat,heat
2026-10-03 03:06:52,1.7671535308201929,1.6534056670657644,1.7159669921307001,True,0.9309843928242219,heat,heat
2026-10-03 03:06:57,1.853969317532621,1.0453445963812242,1.4900881930144925,True,0.8874157475529567,heat,heat
2026-10-03 03:07:02,2.3699367177750075,1.7215793352804039,2.0781758956524357,True,1.0,heat,heat
2026-10-03 03:07:07,3.1227215558912897,1.4012656044453127,2.3480663777406,True,1.0,heat,heat
2026-10-03 03:07:12,3.4569263519108575,1.7430085594125748,2.6856633452866303,True,1.0,heat,heat
2026-10-03 03:07:17,3.278244054152354,2.6813492050955414,3.0096413720767883,True,1.0,heat,heat
2026-10-03 03:07:22,3.4302568157109756,4.897773026272321,4.090639110463581,True,1.0,heat,heat
2026-10-03 03:07:27,3.982190820730193,6.472874745973582,5.102998587089718,True,1.0,heat,heat
2026-10-03 03:07:32,5.435780739976352,10.942342740074345,7.913733640020448,True,1.0,heat,heat
2026-10-03 03:07:37,5.453772306903809,1.555407143060655,3.69950798317439,True,1.0,heat,heat
2026-10-03 03:07:42,4.463545025111053,1.2189529273846098,3.0034785811341536,True,1.0,heat,heat
2026-10-03 03:07:47,3.639982868042447,1.9302855917777204,2.8706190937233202,True,1.0,heat,heat
2026-10-03 03:07:52,6.794349309518993,6.097892973492175,6.480943958306925,True,1.0,heat,heat
2026-10-03 03:07:57,6.597750879893,2.3527412336702036,4.687496539092741,True,1.0,heat,heat
2026-10-03 03:08:02,6.570370824725608,4.047081284924983,5.434890531815327,True,1.0,heat,heat
2026-10-03 03:08:07,6.111836451563602,15.080371964998282,10.147677432609207,True,1.0,post,heat
2026-10-03 03:08:12,5.838496873985352,19.057827629235796,11.78719571384805,True,1.0,tail,heat
2026-10-03 03:08:17,2.8174604628857596,15.578207381068548,8.559796576068013,True,1.0,tail,heat
2026-10-03 03:08:22,2.439863422056151,9.794634782830054,5.749510534404406,True,1.0,tail,heat
2026-10-03 03:08:27,2.784207738596116,12.85803771184972,7.317431226560237,True,1.0,tail,heat
2026-10-03 03:08:32,3.3693532634239935,18.51724776239699,10.185905787961843,True,1.0,tail,heat
2026-10-03 03:08:37,5.163241535858219,37.417410857779764,19.67761773072291,True,1.0,tail,heat
2026-10-03 03:08:42,7.857918357119349,58.047809841211226,30.44336952496069,True,1.0,tail,tail
2026-10-03 03:08:47,8.70353771805146,44.913212273226186,24.997891267880085,True,1.0,tail,tail
2026-10-03 03:08:52,8.131393133824394,28.932751318502905,17.492004316929723,True,1.0,tail,tail
2026-10-03 03:08:57,8.880029144878986,32.423505208833824,19.474593373658664,True,1.0,tail,tail
2026-10-03 03:09:02,9.651612208574706,36.22621725644947,21.610184480118352,True,1.0,tail,tail
2026-10-03 03:09:07,13.167018271883812,25.191512694443823,18.578040762035815,True,1.0,tail,tail
2026-10-03 03:09:12,16.15206625956151,23.22740717160315,19.335969669980248,True,1.0,tail,tail
2026-10-03 03:09:17,21.67645411280213,19.971553073500253,20.909248645116286,True,1.0,tail,tail
