start_s,ae,informer,final,risk_index,over_threshold
45,2.4578488,1.3351492,1.3912842,88,True
55,2.7285964,0.8061798,0.90230066,76,False
65,1.0726867,1.3275628,1.314819,86,True
75,1.0793688,1.6864408,1.6560872,93,True
85,1.3821032,1.1575948,1.1688201,84,True
95,1.1447194,0.92432004,0.93534,78,False
105,1.3294324,0.8811595,0.90357316,76,False
115,1.3820795,0.8072317,0.8359741,74,False
125,1.1292783,0.47791615,0.5104843,61,False
135,0.62036186,0.23028833,0.249792,30,False
145,0.55803627,0.99306315,0.9713118,79,False
155,0.5159977,0.29851925,0.30939317,37,False
165,0.50828886,0.84562784,0.8287609,73,False
175,0.37194625,0.45003375,0.44612935,54,False
185,0.23301603,0.72360414,0.69907475,68,False
195,0.29474187,0.33437234,0.33239082,40,False
205,0.28207016,1.3344401,1.2818216,86,True
215,0.2577409,0.19477369,0.19792205,24,False
225,0.77557015,0.23565434,0.26265013,32,False
235,0.48735052,0.3753131,0.380915,46,False
245,0.35349593,0.3855542,0.38395128,46,False
255,0.31287697,0.332964,0.33195964,40,False
265,0.25749192,0.23504256,0.23616502,29,False
275,0.2750435,1.2690592,1.2193584,85,True
285,0.36396384,0.5669837,0.5568327,62,False
295,0.29254606,0.40901688,0.40319332,49,False
305,0.22874184,0.27751476,0.2750761,33,False
315,0.4222193,0.41859984,0.4187808,51,False
325,0.33166346,0.42066875,0.4162185,50,False
335,0.26877034,0.48767662,0.4767313,58,False
345,0.15490316,0.17522408,0.17420803,21,False
355,0.15855406,0.21744967,0.21450488,26,False
365,0.089201,0.07395994,0.07472199,9,False
375,0.09977656,0.21979575,0.2137948,26,False
385,0.13864173,0.35652462,0.34563047,42,False
395,0.1150103,0.29265177,0.2837697,34,False
405,0.11733784,0.386413,0.37295923,45,False
415,0.1620396,0.284036,0.2779362,34,False
425,0.1293267,0.36963743,0.35762188,43,False
435,0.113806784,0.39370108,0.37970635,46,False
445,0.18375827,0.008006326,0.016793923,2,False
455,0.22478352,0.062464543,0.07058049,9,False
465,0.2595409,0.071441196,0.080846176,10,False
475,0.22739327,0.0010467233,0.01236405,1,False
485,0.23247652,0.09818356,0.1048982,13,False
495,0.13778317,0.124429405,0.1250971,15,False
505,0.091179706,0.25636303,0.24810386,30,False
515,0.0028611072,0.18152365,0.17259052,21,False
525,0.045614313,0.031619594,0.03231933,4,False
535,0.07120852,0.17365202,0.16852984,20,False
545,0.10871547,0.06660806,0.06871343,8,False
555,0.090576135,0.109057084,0.10813303,13,False
565,0.10850333,0.050032068,0.05295563,6,False
575,0.11924546,0.003633302,0.00941391,1,False
585,0.13536808,0.019558664,0.025349135,3,False
595,0.10928577,0.10471137,0.10494009,13,False
605,0.11375971,0.08270982,0.08426231,10,False
615,0.05729717,0.066766165,0.06629272,8,False
625,0.028142221,0.23132423,0.22116514,27,False
635,0.020365275,0.18784441,0.17947046,22,False
645,0.0427914,0.0057946905,0.0076445257,1,False
655,0.039241012,0.043240543,0.043040566,5,False
665,0.0912599,0.014314694,0.018161954,2,False
675,0.021508105,0.040818926,0.039853387,5,False
685,0.0031150575,0.040965557,0.03907303,5,False
695,0.0037355209,0.078053296,0.07433741,9,False
705,0.029113472,0.13392901,0.12868825,16,False
715,0.008516985,0.1659926,0.15811881,19,False
725,0.0010459509,0.08310681,0.079003766,10,False
735,0.005581933,0.15579335,0.14828278,18,False
745,0.036905184,0.035336986,0.035415396,4,False
755,0.02117093,0.00561323,0.006391115,1,False
765,0.02878614,0.0042570615,0.005483515,1,False
775,0.024780001,0.013154036,0.013735334,2,False
785,0.01545047,0.01766092,0.017550396,2,False
795,0.013872646,0.083710365,0.08021848,10,False
805,0.011513318,0.08711437,0.08333432,10,False
815,0.0,0.15155093,0.14397338,17,False
825,0.027059248,0.12884091,0.12375183,15,False
835,0.015937513,0.022750245,0.022409609,3,False
845,0.04222354,0.011214509,0.0127649605,2,False
855,0.031825658,0.07851221,0.07617787,9,False
865,0.008194278,0.06709799,0.06415281,8,False
875,0.038363762,0.15370281,0.14793585,18,False
885,0.060913913,0.04666106,0.047373705,6,False
895,0.06292774,0.046124812,0.04696496,6,False
905,0.043531016,0.045061164,0.044984654,5,False
915,0.019365294,0.11194103,0.10731224,13,False
925,0.021784551,0.052365042,0.050836015,6,False
935,0.088507,0.03109467,0.033965286,4,False
945,0.01136066,0.05166714,0.049651813,6,False
955,0.013634831,0.04099219,0.039624322,5,False
965,0.012916303,0.02852561,0.027745143,3,False
975,0.021722833,0.035719965,0.03502011,4,False
985,0.0121947955,0.10206736,0.09757373,12,False
995,0.019737294,0.1498638,0.14335746,17,False
1005,0.049554955,0.042751703,0.043091863,5,False
1015,0.03485785,0.062961124,0.06155596,7,False
1025,0.030187892,0.054059166,0.052865602,6,False
1035,0.026420396,0.011384647,0.012136434,1,False
1045,0.013777272,0.013161363,0.013192159,2,False
1055,0.008958699,0.05778648,0.055345092,7,False
1065,0.0026119284,0.07538258,0.07174405,9,False
1075,0.018782824,0.0026554305,0.0034618003,0,False
1085,0.023589043,0.021616025,0.021714676,3,False
1095,0.0031732353,0.06695142,0.06376251,8,False
1105,0.00070219993,0.15093683,0.14342509,17,False
1115,0.044274535,0.18059461,0.17377861,21,False
1125,0.043712158,0.040390376,0.040556464,5,False
1135,0.016215991,0.15802029,0.15093008,18,False
1145,0.009663238,0.10434611,0.09961197,12,False
1155,0.016754646,0.19910635,0.18998876,23,False
1165,0.118240185,0.251352,0.24469641,30,False
1175,0.066934936,0.15899687,0.15439376,19,False
1185,0.13260008,0.15108065,0.15015662,18,False
1195,0.19642198,0.12216038,0.12587346,15,False
1205,0.13241157,0.48419836,0.46660903,56,False
1215,0.10137504,0.16029166,0.15734582,19,False
1225,0.1299213,0.12676497,0.12692279,15,False
1235,0.15676992,0.16569677,0.16525044,20,False
1245,0.19405498,0.17896514,0.17971963,22,False
1255,0.14964798,0.17892055,0.17745692,21,False
1265,0.15907894,0.03232885,0.038666356,5,False
1275,0.1963964,0.113848664,0.11797605,14,False
1285,0.13405137,0.08122744,0.08386864,10,False
1295,0.15488832,0.09640897,0.099332936,12,False
1305,0.090332374,0.050723117,0.05270358,6,False
1315,0.08249702,0.14016967,0.13728604,17,False
1325,0.082609765,0.16789962,0.16363512,20,False
1335,0.09751553,0.1525498,0.1497981,18,False
1345,0.16021502,0.22325139,0.22009955,27,False
1355,0.13552305,0.1368421,0.13677615,17,False
1365,0.1279041,0.10293054,0.10417922,13,False
1375,0.17206731,0.050749328,0.05681523,7,False
1385,0.12699957,0.08724197,0.08922985,11,False
1395,0.09487365,0.057608884,0.05947212,7,False
1405,0.11718709,0.063545085,0.06622718,8,False
1415,0.14546704,0.093865946,0.096446,12,False
1425,0.079455875,0.31084687,0.2992773,36,False
1435,0.12405517,0.21194074,0.20754646,25,False
1445,0.09681566,0.44426954,0.42689684,52,False
1455,0.113403015,0.10920968,0.109419346,13,False
1465,0.11767443,0.059495606,0.062404543,8,False
1475,0.10996255,0.063109055,0.06545173,8,False
1485,0.08482337,0.11216534,0.11079824,13,False
1495,0.107366845,0.17800468,0.17447278,21,False
1505,0.1152576,0.091314256,0.09251142,11,False
1515,0.17410225,0.04051061,0.047190193,6,False
1525,0.15232664,0.10104337,0.103607535,13,False
1535,0.055339076,0.08163473,0.08031994,10,False
1545,0.0915108,0.06979441,0.070880234,9,False
1555,0.06049476,0.17636186,0.17056851,21,False
1565,0.036571898,0.08902215,0.08639964,10,False
1575,0.0670146,0.06077933,0.06109109,7,False
1585,0.09686044,0.055937354,0.057983506,7,False
1595,0.05722222,0.114426985,0.111566745,13,False
1605,0.013291849,0.14432873,0.13777688,17,False
1615,0.04992202,0.06369197,0.06300348,8,False
1625,0.073868975,0.042421456,0.043993834,5,False
1635,0.0843676,0.11191933,0.11054174,13,False
1645,0.16778815,0.030469177,0.037335128,5,False
1655,0.117170155,0.06166199,0.0644374,8,False
1665,0.17171694,0.01165497,0.019658068,2,False
1675,0.086140476,0.047633037,0.04955841,6,False
1685,0.06360168,0.13655144,0.13290395,16,False
1695,0.083690204,0.24980813,0.24150224,29,False
1705,0.028036231,0.022977028,0.023229988,3,False
1715,0.026755448,0.08628042,0.083304174,10,False
1725,0.037872087,0.026687328,0.027246565,3,False
1735,0.052834705,0.0893774,0.08755027,11,False
1745,0.03664533,0.06428043,0.06289867,8,False
1755,0.03520282,0.06331313,0.061907608,7,False
1765,0.05471982,0.053382803,0.053449653,6,False
1775,0.10130938,0.023810592,0.02768553,3,False
1785,0.1562491,0.09097807,0.09424162,11,False
1795,0.057859786,0.04568825,0.046296827,6,False
1805,0.06967978,0.18315555,0.17748177,21,False
1815,0.04669225,0.023330139,0.024498243,3,False
1825,0.02847854,0.01088566,0.011765303,1,False
1835,0.04321125,0.024445245,0.025383545,3,False
1845,0.022333143,0.084526114,0.081416465,10,False
1855,0.030220078,0.01580854,0.016529117,2,False
1865,0.014871993,0.012688454,0.012797631,2,False
1875,0.033396445,0.026819449,0.027148299,3,False
1885,0.02898271,0.050640937,0.049558025,6,False
1895,0.02634769,0.093188696,0.08984664,11,False
1905,0.0041169627,0.10498608,0.09994262,12,False
1915,0.0019185118,0.10268856,0.09765006,12,False
1925,0.00966949,0.11850119,0.1130596,14,False
1935,0.02835106,0.016859803,0.017434366,2,False
1945,0.05493147,0.0009464837,0.003645733,0,False
1955,0.042634238,0.0814611,0.07951976,10,False
1965,0.05136974,0.034517087,0.035359718,4,False
1975,0.015233762,0.08185562,0.07852452,9,False
1985,0.06691348,0.030218009,0.03205278,4,False
1995,0.07607967,0.10872805,0.10709563,13,False
2005,0.060079534,0.0964366,0.094618745,11,False
2015,0.06329675,0.0631919,0.063197136,8,False
2025,0.025564149,0.08521245,0.08223003,10,False
2035,0.015913982,0.14120276,0.13493831,16,False
2045,0.0069205347,0.20750748,0.19747812,24,False
2055,0.029493932,0.012715283,0.0135542145,2,False
2065,0.047121402,0.002871578,0.0050840694,1,False
2075,0.038664524,0.003370295,0.0051350063,1,False
2085,0.04497295,0.013967947,0.015518197,2,False
2095,0.03782445,0.09149329,0.088809855,11,False
2105,0.018966151,0.011290589,0.011674367,1,False
2115,0.008636056,0.116277166,0.11089511,13,False
2125,0.030397927,0.112908386,0.10878286,13,False
2135,0.04042964,0.19930944,0.19136544,23,False
2145,0.029003847,0.018508727,0.019033482,2,False
2155,0.0344681,0.018328171,0.019135168,2,False
2165,0.004767708,0.0015370423,0.0016985756,0,False
2175,0.015493518,0.016872462,0.016803514,2,False
2185,0.007813649,0.07915301,0.07558604,9,False
2195,0.02845678,0.078130215,0.07564654,9,False
2205,0.059664357,0.021773752,0.023668282,3,False
2215,0.076585054,0.01904032,0.021917555,3,False
2225,0.03187193,0.052528266,0.051495448,6,False
2235,0.009725574,0.026632497,0.02578715,3,False
2245,0.013485836,0.10851048,0.103759244,13,False
2255,0.022850944,0.22264482,0.21265513,26,False
2265,0.007922878,0.18470317,0.17586416,21,False
2275,0.0073620095,0.1514301,0.1442267,17,False
2285,0.054071732,0.0061248005,0.008522147,1,False
2295,0.0671055,0.11291309,0.110622704,13,False
2305,0.058819126,0.006037352,0.00867644,1,False
2315,0.048719127,0.10467028,0.10187272,12,False
2325,0.05205885,0.24024,0.23083094,28,False
2335,0.055757303,0.18945074,0.18276607,22,False
2345,0.123115525,0.042446688,0.04648013,6,False
2355,0.11509966,0.0,0.005754983,1,False
2365,0.15409204,0.048642877,0.053915333,7,False
2375,0.09311163,0.07928604,0.07997732,10,False
2385,0.048652854,0.063366815,0.062631115,8,False
2395,0.05038319,0.106598064,0.10378732,13,False
2405,0.02182513,0.15191516,0.14541066,18,False
2415,0.057588547,0.21710584,0.20912997,25,False
2425,0.057332505,0.107027546,0.10454279,13,False
2435,0.06897791,0.09545396,0.09413016,11,False
2445,0.039251287,0.13569771,0.13087538,16,False
2455,0.05713648,0.08202344,0.08077909,10,False
2465,0.039420083,0.019779768,0.020761784,3,False
2475,0.059325267,0.045398638,0.04609497,6,False
2485,0.06814045,0.041095614,0.042447858,5,False
2495,0.07546857,0.03964887,0.041439854,5,False
2505,0.086492844,0.03475677,0.03734357,5,False
2515,0.100441694,0.03005503,0.03357436,4,False
2525,0.08537799,0.03455908,0.037100025,4,False
2535,0.091890335,0.024111127,0.02750009,3,False
2545,0.049262445,0.10568031,0.102859415,12,False
2555,0.051214796,0.12588258,0.12214919,15,False
2565,0.03562864,0.08876901,0.08611199,10,False
2575,0.026156958,0.0010830865,0.00233678,0,False
2585,0.03031052,0.0111951055,0.012150876,1,False
2595,0.023210412,0.044599153,0.043529715,5,False
2605,0.016753307,0.023762949,0.023412466,3,False
2615,0.014781756,0.055495635,0.05345994,6,False
2625,0.0085056955,0.13852447,0.13202353,16,False
2635,0.0073672403,0.16554578,0.15763684,19,False
2645,0.017540406,0.10802482,0.103500605,13,False
2655,0.08750123,0.069735214,0.07062352,9,False
2665,0.055970978,0.16405046,0.15864648,19,False
2675,0.06804099,0.03951434,0.040940672,5,False
2685,0.08515251,0.05841872,0.05975541,7,False
2695,0.07069654,0.056471508,0.05718276,7,False
2705,0.06312334,0.068308085,0.06804885,8,False
2715,0.050087042,0.0501155,0.050114077,6,False
2725,0.04413185,0.039097484,0.039349202,5,False
2735,0.11558837,0.067672275,0.070068076,8,False
2745,0.1052143,0.03790854,0.041273825,5,False
2755,0.062400017,0.0362245,0.037533276,5,False
2765,0.027977021,0.074088,0.071782455,9,False
2775,0.03985715,0.13280098,0.12815379,15,False
2785,0.04877641,0.025174992,0.026355064,3,False
2795,0.0711736,0.03067171,0.032696802,4,False
2805,0.04145855,0.14299063,0.13791403,17,False
2815,0.040992323,0.083379135,0.081259795,10,False
2825,0.018456124,0.10501715,0.1006891,12,False
2835,0.058837533,0.05882631,0.058826867,7,False
2845,0.082407966,0.049377922,0.051029425,6,False
2855,0.024846962,0.117482245,0.11285048,14,False
2865,0.039100744,0.031098042,0.031498175,4,False
2875,0.03039322,0.029505327,0.029549722,4,False
2885,0.01837139,0.057483338,0.055527743,7,False
2895,0.025920784,0.021762948,0.02197084,3,False
2905,0.026278717,0.045042075,0.044103906,5,False
2915,0.018211164,0.066100754,0.06370627,8,False
2925,0.01722399,0.077425785,0.07441569,9,False
2935,0.03816528,0.17176709,0.16508698,20,False
2945,0.036440425,0.3251711,0.31073457,38,False
2955,0.03845767,0.11974167,0.11567747,14,False
2965,0.053749476,0.09430213,0.0922745,11,False
2975,0.0714232,0.07183825,0.0718175,9,False
2985,0.084726624,0.11806639,0.11639941,14,False
2995,0.1456345,0.04262337,0.047773927,6,False
3005,0.15796658,0.091640234,0.094956554,11,False
3015,0.17914684,0.036640592,0.043765903,5,False
3025,0.14958556,0.044960197,0.050191462,6,False
3035,0.09671516,0.08581137,0.08635656,10,False
3045,0.09681922,0.28152812,0.27229267,33,False
3055,0.20724477,0.17297171,0.17468536,21,False
3065,0.13696319,0.016059507,0.022104692,3,False
3075,0.042616967,0.008627226,0.010326712,1,False
3085,0.05584407,0.12592615,0.12242205,15,False
3095,0.03235284,0.18842207,0.1806186,22,False
3105,0.04584115,0.12175713,0.11796133,14,False
3115,0.037872452,0.09572018,0.0928278,11,False
3125,0.021996623,0.0005954584,0.0016655166,0,False
3135,0.03151655,0.0,0.0015758275,0,False
3145,0.043918446,0.05392563,0.053425267,6,False
3155,0.031426076,0.08507633,0.08239382,10,False
3165,0.032954045,0.13402647,0.12897284,16,False
3175,0.0044298535,0.06846366,0.06526197,8,False
3185,0.029422645,0.07802087,0.07559096,9,False
3195,0.0217023,0.057225764,0.05544959,7,False
3205,0.049603034,0.121204995,0.117624894,14,False
3215,0.0776811,0.06612676,0.066704474,8,False
3225,0.06359519,0.046934742,0.047767762,6,False
3235,0.057613764,0.06686101,0.06639864,8,False
3245,0.068360694,0.080824025,0.08020086,10,False
3255,0.089848906,0.022077145,0.025465732,3,False
3265,0.102391236,0.12376675,0.12269797,15,False
3275,0.04423447,0.0562837,0.05568124,7,False
3285,0.042262487,0.16053656,0.15462285,19,False
3295,0.09300867,0.12750031,0.12577572,15,False
3305,0.07419957,0.1532318,0.14928018,18,False
3315,0.08421965,0.10040779,0.09959838,12,False
3325,0.081808925,0.015065563,0.018402731,2,False
3335,0.07616963,0.001177499,0.0049271057,1,False
3345,0.037596017,0.009961215,0.011342955,1,False
3355,0.027923394,0.020723788,0.021083768,3,False
3365,0.026219584,0.00171222,0.0029375884,0,False
3375,0.027576847,0.009830092,0.01071743,1,False
3385,0.042866778,0.06868901,0.0673979,8,False
3395,0.021495057,0.039787963,0.03887332,5,False
3405,0.050929073,0.13873191,0.13434178,16,False
3415,0.0016130636,0.14239445,0.13535538,16,False
3425,0.002164909,0.099706486,0.0948294,11,False
3435,0.0063631074,0.033798,0.032426257,4,False
3445,0.016389474,0.089749515,0.08608151,10,False
3455,0.0036324654,0.073783495,0.07027594,8,False
3465,0.039128084,0.1405882,0.13551518,16,False
3475,0.06413214,0.41297156,0.3955296,48,False
3485,0.043696623,0.60840404,0.58016866,63,False
3495,0.081514634,0.43164062,0.41413432,50,False
3505,0.26940656,0.18542388,0.18962301,23,False
3515,0.21884644,0.06767639,0.07523489,9,False
3525,0.1768083,0.13956746,0.1414295,17,False
3535,0.18366753,0.27222386,0.26779604,32,False
3545,0.1751056,0.18080243,0.1805176,22,False
3555,0.17645982,0.10242609,0.106127776,13,False
3565,0.18201108,0.32352173,0.3164462,38,False
3575,0.12242912,0.121101394,0.12116778,15,False
3585,0.097100355,0.23968618,0.23255688,28,False
3595,0.14501485,0.25074568,0.24545914,30,False
3605,0.11223789,0.08492144,0.08628727,10,False
3615,0.092643276,0.17842035,0.1741315,21,False
3625,0.08085904,0.46493143,0.4457278,54,False
3635,0.10085969,1.3215293,1.2604958,85,True
3645,0.07604239,2.634859,2.5069182,100,True
3655,0.33610228,0.5965117,0.58349127,64,False
3665,0.45985216,0.3545074,0.35977462,43,False
3675,0.41088954,0.559732,0.5522899,62,False
3685,0.44821435,0.64060384,0.6309843,65,False
3695,0.44690385,0.57994366,0.57329166,63,False
3705,0.52276456,0.26019308,0.27332166,33,False
3715,0.7347825,0.059905175,0.093649045,11,False
3725,0.78386056,0.08384283,0.11884372,14,False
3735,0.67347914,0.2948297,0.3137622,38,False
3745,0.19594058,0.35330945,0.345441,42,False
3755,0.17600803,0.35822383,0.34911302,42,False
3765,0.16181725,0.24603124,0.24182054,29,False
3775,0.13598494,0.26155582,0.25527728,31,False
3785,0.23154426,0.07348599,0.081388906,10,False
3795,0.18831131,0.28044647,0.27583972,33,False
3805,0.086353436,0.14544556,0.14249095,17,False
3815,0.07213085,0.092000015,0.091006555,11,False
3825,0.10260964,0.03554363,0.03889693,5,False
3835,0.25752804,0.012121112,0.024391457,3,False
3845,0.13431457,0.03201489,0.037129875,4,False
3855,0.099459805,0.09172435,0.09211112,11,False
3865,0.0125593385,0.076713726,0.073506005,9,False
3875,0.009325098,0.1887836,0.17981067,22,False
3885,0.018467199,0.090395935,0.086799495,10,False
3895,0.03648649,0.13730489,0.13226396,16,False
3905,0.05217733,0.028382681,0.029572412,4,False
3915,0.09037868,0.048037518,0.050154574,6,False
3925,0.08174275,0.07903136,0.07916693,10,False
3935,0.0793484,0.044575855,0.04631448,6,False
3945,0.06780456,0.08976988,0.08867161,11,False
3955,0.051689036,0.15233602,0.14730367,18,False
3965,0.07739797,0.193224,0.1874327,23,False
3975,0.052750763,0.3712298,0.35530585,43,False
3985,0.080018096,0.22952983,0.22205424,27,False
3995,0.10935437,0.12699564,0.12611356,15,False
4005,0.08171475,0.15081353,0.1473586,18,False
4015,0.10358146,0.07868535,0.07993015,10,False
4025,0.10885203,0.115594104,0.115257,14,False
4035,0.12612846,0.1435375,0.14266706,17,False
4045,0.21504025,0.11669316,0.121610515,15,False
4055,0.16100422,0.040443376,0.046471417,6,False
4065,0.12825881,0.10614705,0.107252635,13,False
4075,0.10179435,0.08115157,0.082183704,10,False
4085,0.04075426,0.10894164,0.105532266,13,False
4095,0.050717,0.2531291,0.24300848,29,False
4105,0.051581744,0.11454444,0.1113963,13,False
4115,0.049666077,0.28418675,0.27246073,33,False
4125,0.087650806,0.025724826,0.028821126,3,False
4135,0.120835625,0.0,0.0060417815,1,False
4145,0.09423188,0.06756824,0.06890142,8,False
4155,0.11609972,0.18773794,0.18415603,22,False
4165,0.10882934,0.0551291,0.057814114,7,False
4175,0.13736574,0.012463235,0.018708361,2,False
4185,0.10153019,0.08583418,0.08661898,10,False
4195,0.08297116,0.29798293,0.28723234,35,False
4205,0.08240291,0.16963656,0.16527487,20,False
4215,0.05841972,0.13773619,0.13377036,16,False
4225,0.112373985,0.063186646,0.065646015,8,False
4235,0.12633379,0.052017212,0.05573304,7,False
4245,0.08529184,0.06809486,0.068954706,8,False
4255,0.10321575,0.034645848,0.03807434,5,False
4265,0.055646554,0.17443325,0.16849391,20,False
4275,0.06688646,0.067368336,0.06734424,8,False
4285,0.12311721,0.0,0.0061558606,1,False
4295,0.06582849,0.0,0.0032914244,0,False
4305,0.0971792,0.0030513196,0.0077577136,1,False
4315,0.010891282,0.010324801,0.010353125,1,False
4325,0.009454156,0.0053196433,0.005526369,1,False
4335,0.0030658292,0.024433555,0.02336517,3,False
4345,0.017401075,0.085786626,0.08236735,10,False
4355,0.010549782,0.054501474,0.052303888,6,False
4365,0.014853178,0.065299086,0.06277679,8,False
4375,0.008959329,0.087585665,0.083654344,10,False
4385,0.008288439,0.057757586,0.05528413,7,False
4395,0.0076212185,0.057802353,0.055293296,7,False
4405,0.00048231392,0.005146187,0.004912993,1,False
4415,0.010637978,0.07041847,0.067429446,8,False
4425,0.0007121096,0.00083703024,0.0008307842,0,False
4435,0.0015973718,0.0,7.986859e-05,0,False
4445,0.003758433,0.0,0.00018792166,0,False
4455,9.169765e-05,0.028100178,0.026699752,3,False
4465,0.01966019,0.0009186045,0.0018556837,0,False
4475,0.0034636438,0.09242017,0.08797234,11,False
4485,0.05547752,0.08153111,0.080228426,10,False
4495,0.001279526,0.01622193,0.015474809,2,False
4505,0.028374538,0.0,0.0014187269,0,False
4515,0.00331406,0.033535603,0.03202453,4,False
4525,0.006828411,0.044491645,0.04260848,5,False
4535,0.005767587,0.0064501935,0.0064160633,1,False
4545,0.0,0.12575303,0.11946537,14,False
4555,0.0015953679,0.22937378,0.21798486,26,False
4565,0.0,0.11312785,0.10747146,13,False
4575,0.0032232977,0.056740187,0.05406434,7,False
4585,0.025072217,0.04476715,0.0437824,5,False
4595,0.02287114,0.048018366,0.046761002,6,False
4605,0.018132843,0.061477587,0.05931035,7,False
4615,0.020797381,0.07346089,0.070827715,9,False
4625,0.031308703,0.0721172,0.07007678,8,False
4635,0.06606824,0.076044306,0.0755455,9,False
4645,0.03600271,0.12962194,0.12494098,15,False
4655,0.026242098,0.08641893,0.083410084,10,False
4665,0.036905415,0.0530724,0.05226405,6,False
4675,0.03821246,0.025045434,0.025703786,3,False
4685,0.036494583,0.009010647,0.010384844,1,False
4695,0.032313462,0.013233211,0.014187223,2,False
4705,0.033365075,0.010721107,0.011853306,1,False
4715,0.030723214,0.042900883,0.042292,5,False
4725,0.042560834,0.027415628,0.028172888,3,False
4735,0.01777105,0.036886595,0.035930816,4,False
4745,0.010095981,0.0539749,0.051780954,6,False
4755,0.012580781,0.034714118,0.03360745,4,False
4765,0.010526461,0.034543503,0.033342652,4,False
4775,0.007892347,0.07227623,0.06905703,8,False
4785,0.0,0.047817137,0.04542628,5,False
4795,0.0,0.07620931,0.07239884,9,False
4805,0.031744625,0.076658115,0.07441244,9,False
4815,0.0033521738,0.04108049,0.039194074,5,False
4825,0.046857595,0.0,0.0023428798,0,False
4835,0.05158943,0.026795294,0.028035,3,False
4845,0.048732236,0.01035352,0.012272456,1,False
4855,0.028057447,0.087624796,0.084646426,10,False
4865,0.0,0.06411621,0.0609104,7,False
4875,0.0033800944,0.06530605,0.062209755,8,False
4885,0.11575006,0.067435116,0.06985086,8,False
4895,0.024140034,0.040131938,0.03933234,5,False
4905,0.0030298373,0.09478175,0.09019415,11,False
4915,0.019374149,0.0,0.00096870743,0,False
4925,0.0025541086,0.0,0.00012770544,0,False
4935,0.02499345,0.0,0.0012496725,0,False
4945,0.020811772,0.095711015,0.09196605,11,False
4955,0.007907239,0.015442692,0.01506592,2,False
4965,0.0,0.0,0.0,0,False
4975,0.029067941,0.07853944,0.07606587,9,False
4985,0.02034547,0.06671769,0.06439908,8,False
4995,0.002735231,0.06838609,0.06510355,8,False
5005,0.0168698,0.041545156,0.04031139,5,False
5015,0.022759369,0.014398223,0.0148162795,2,False
5025,0.023007715,0.0032848453,0.004270989,1,False
5035,0.024288403,0.012319564,0.012918006,2,False
5045,0.025611287,0.12763028,0.12252932,15,False
5055,0.023735832,0.07217756,0.069755465,8,False
5065,0.023116928,0.14697163,0.1407789,17,False
5075,0.023282874,0.07433898,0.07178617,9,False
5085,0.045018468,0.0584046,0.057735294,7,False
5095,0.058070704,0.11841364,0.11539649,14,False
5105,0.0,0.047357917,0.04499002,5,False
5115,0.04887113,0.383737,0.3669937,44,False
5125,0.028151209,0.13269094,0.12746395,15,False
5135,0.021156186,0.11354004,0.10892085,13,False
5145,0.040002093,0.12844805,0.12402575,15,False
5155,0.037794344,0.07358701,0.07179738,9,False
5165,0.06074019,0.15239993,0.14781694,18,False
5175,0.051440235,0.03699335,0.037715696,5,False
5185,0.07539292,0.058839984,0.059667632,7,False
5195,0.09212274,0.0,0.004606137,1,False
5205,0.111826286,0.037513256,0.041228905,5,False
5215,0.040711813,0.03963774,0.039691444,5,False
5225,0.043750316,0.05867315,0.05792701,7,False
5235,0.027208107,0.040508933,0.03984389,5,False
5245,0.013615611,0.04760412,0.045904696,6,False
5255,0.013288188,0.033808295,0.03278229,4,False
5265,0.013647501,0.04829418,0.046561845,6,False
5275,0.0002637135,0.05670364,0.05388164,7,False
5285,0.013170524,0.051789455,0.04985851,6,False
5295,0.01603266,0.16863665,0.16100645,19,False
5305,0.017115628,0.08903139,0.0854356,10,False
5315,0.024160411,0.008209799,0.00900733,1,False
5325,0.02319344,0.040564016,0.039695486,5,False
5335,0.021873696,0.047235597,0.0459675,6,False
5345,0.021012675,0.00869929,0.009314959,1,False
5355,0.01977103,0.0026786446,0.0035332637,0,False
5365,0.02565876,0.010779752,0.011523702,1,False
5375,0.06375255,0.008665384,0.011419742,1,False
5385,0.015161428,0.0742333,0.07127971,9,False
5395,0.015074104,0.07079158,0.06800571,8,False
5405,0.0004220874,0.086568095,0.082260795,10,False
5415,0.0,0.020424388,0.019403169,2,False
5425,0.015499604,0.0,0.00077498023,0,False
5435,0.021378193,0.03462672,0.03396429,4,False
5445,0.024066284,0.07369636,0.071214855,9,False
5455,0.026252447,0.06969021,0.06751832,8,False
5465,0.05521153,0.10706881,0.10447594,13,False
5475,0.041508924,0.06698828,0.065714315,8,False
5485,0.055018004,0.15359627,0.14866735,18,False
5495,0.035857543,0.076834925,0.07478605,9,False
5505,0.07239351,0.057354778,0.058106713,7,False
5515,0.015212757,0.0,0.00076063786,0,False
5525,0.028735466,0.0,0.0014367733,0,False
5535,0.02087274,0.06059309,0.05860707,7,False
5545,0.013413204,0.09060258,0.0867431,10,False
5555,0.014374086,0.045311507,0.043764636,5,False
5565,0.02566651,0.076828584,0.07427048,9,False
5575,0.02820599,0.06807109,0.066077836,8,False
5585,0.036081325,0.03436479,0.034450613,4,False
5595,0.019238904,0.07962079,0.0766017,9,False
5605,0.013336025,0.13192983,0.12600014,15,False
5615,0.010900033,0.12600881,0.12025337,15,False
5625,0.036644876,0.13321735,0.12838873,16,False
5635,0.053630676,0.07108615,0.07021338,8,False
5645,0.05696739,0.071718015,0.07098048,9,False
5655,0.06519783,0.06776604,0.06763763,8,False
5665,0.025914328,0.11157985,0.10729657,13,False
5675,0.03687544,0.07368076,0.071840495,9,False
5685,0.08524507,0.19547252,0.18996115,23,False
5695,0.06239948,0.22865371,0.220341,27,False
5705,0.0479969,0.24574362,0.23585628,29,False
5715,0.07702243,0.052401677,0.053632714,6,False
5725,0.06787737,0.061063163,0.061403874,7,False
5735,0.06519358,0.045674425,0.04665038,6,False
5745,0.0686008,0.008697433,0.011692602,1,False
5755,0.078966446,0.024513246,0.027235907,3,False
5765,0.115816414,0.028813777,0.03316391,4,False
5775,0.09676045,0.06869625,0.07009946,8,False
5785,0.080983944,0.030956116,0.033457506,4,False
5795,0.057750233,0.07181057,0.07110755,9,False
5805,0.016447373,0.082265705,0.07897478,10,False
5815,0.011496827,0.14854108,0.14168887,17,False
5825,0.029550336,0.025543809,0.025744135,3,False
5835,0.026890188,0.1472092,0.14119324,17,False
5845,0.02544089,0.17297377,0.16559711,20,False
5855,0.053226855,0.22208734,0.21364431,26,False
5865,0.023709262,0.22902809,0.21876214,26,False
5875,0.04128692,0.21545565,0.20674722,25,False
5885,0.060392205,0.23921476,0.23027363,28,False
5895,0.079766154,0.2751474,0.26537833,32,False
5905,0.11279674,0.29561237,0.2864716,35,False
5915,0.16340022,1.0577574,1.0130395,80,True
5925,0.16172263,0.88108695,0.84511876,74,False
5935,0.1988396,1.016732,0.97583735,79,False
5945,0.24872336,0.13288352,0.13867551,17,False
5955,0.23501144,0.17998327,0.18273468,22,False
5965,0.23085079,0.22107986,0.2215684,27,False
5975,0.22744198,0.08524372,0.09235363,11,False
5985,0.2541105,0.03315278,0.044200666,5,False
5995,0.2958624,0.0185045,0.032372393,4,False
6005,0.24836761,0.043916654,0.054139204,7,False
6015,0.23287746,0.15714285,0.16092958,19,False
6025,0.21128513,0.1918267,0.19279961,23,False
6035,0.22566739,0.099458165,0.10576862,13,False
6045,0.057159267,0.038087834,0.039041407,5,False
6055,0.08464873,0.36735424,0.35321897,43,False
6065,0.02182626,0.5125172,0.48798266,59,False
6075,0.00982107,0.38136294,0.36278585,44,False
6085,0.22462706,0.3602388,0.3534582,43,False
6095,0.12833914,0.32191572,0.31223688,38,False
6105,0.22868715,0.39957398,0.39102963,47,False
6115,0.13583979,0.37715596,0.36509013,44,False
6125,0.2602673,0.1523077,0.15770568,19,False
6135,0.1954063,0.06474209,0.071275294,9,False
6145,0.1975315,0.29279757,0.28803426,35,False
6155,0.2206318,0.15262176,0.15602225,19,False
6165,0.17426409,0.40297794,0.39154226,47,False
6175,0.22081502,0.049752533,0.05830566,7,False
6185,0.16664763,0.38135853,0.37062296,45,False
6195,0.27510843,0.5792474,0.5640405,63,False
6205,0.11184839,0.0934512,0.09437106,11,False
6215,0.0289511,0.0,0.001447555,0,False
6225,0.015610485,0.00036580794,0.0011280419,0,False
6235,0.011626566,0.018116599,0.017792096,2,False
6245,0.010631119,0.022496559,0.021903286,3,False
6255,0.006125918,0.039311707,0.037652418,5,False
6265,0.013198058,0.16279832,0.15531829,19,False
6275,0.015587268,0.027192144,0.0266119,3,False
6285,0.0143094165,0.02351439,0.02305414,3,False
6295,0.010619527,0.011804698,0.01174544,1,False
6305,0.010969531,0.03440677,0.03323491,4,False
6315,0.013520649,0.14212868,0.13569827,16,False
6325,0.014019043,0.15899098,0.15174238,18,False
6335,0.0074655707,0.122766174,0.117001146,14,False
6345,0.032762732,0.0,0.0016381367,0,False
6355,0.09351196,0.004395324,0.008851156,1,False
6365,0.041375898,0.010405446,0.0119539695,1,False
6375,0.009052469,0.02993177,0.028887805,3,False
6385,0.0017047965,0.03145642,0.029968837,4,False
6395,0.0029400706,0.014166524,0.013605201,2,False
6405,0.013883098,0.010832827,0.01098534,1,False
6415,0.016033996,0.04762859,0.04604886,6,False
6425,0.0072347363,0.077150784,0.07365498,9,False
6435,0.0020922096,0.15858729,0.15076253,18,False
6445,0.0010856842,0.18532433,0.1761124,21,False
6455,0.0009124262,0.049771618,0.047328655,6,False
6465,0.003964412,0.06942108,0.06614825,8,False
6475,0.017667202,0.08785036,0.084341206,10,False
6485,0.030296486,0.07609932,0.07380918,9,False
6495,0.035315346,0.05265469,0.051787727,6,False
6505,0.037509352,0.12246692,0.11821904,14,False
6515,0.033718407,0.39259917,0.37465513,45,False
6525,0.042181626,0.6903337,0.65792614,67,False
6535,0.035606258,0.58621526,0.5586848,63,False
6545,0.14786072,0.42153335,0.4078497,49,False
6555,0.31634182,1.0436479,1.0072825,80,True
6565,0.2510676,0.30607864,0.3033281,37,False
6575,0.2856328,0.13929017,0.14660731,18,False
6585,0.30315697,0.06327799,0.075271934,9,False
6595,0.40666562,0.09915872,0.114534065,14,False
6605,0.42112127,0.07063285,0.088157274,11,False
6615,0.27686152,0.053123154,0.064310074,8,False
6625,0.2771048,0.07430615,0.08444609,10,False
6635,0.5579777,0.25482917,0.2699866,33,False
6645,0.42626002,0.42020792,0.42051053,51,False
6655,0.06821999,0.017250808,0.019799266,2,False
6665,0.044261243,0.048519414,0.048306502,6,False
6675,0.04093683,0.15342434,0.14779995,18,False
6685,0.055963144,0.13610761,0.13210039,16,False
6695,0.03785411,0.30004063,0.2869313,35,False
6705,0.057753902,0.08238271,0.08115127,10,False
6715,0.069163665,0.0567799,0.057399087,7,False
6725,0.052908383,0.021013802,0.022608532,3,False
6735,0.04685016,0.027147494,0.028132627,3,False
6745,0.04652325,0.09385115,0.09148475,11,False
6755,0.04565079,0.13268998,0.12833802,16,False
6765,0.09575618,0.09834145,0.09821219,12,False
6775,0.07780413,0.010673123,0.014029674,2,False
6785,0.066657886,0.06725402,0.06722422,8,False
6795,0.060669642,0.075490326,0.07474929,9,False
6805,0.013192251,0.05247764,0.050513368,6,False
6815,0.029204274,0.010542054,0.011475164,1,False
6825,0.010994503,0.071780704,0.068741396,8,False
6835,0.03859523,0.12914327,0.12461586,15,False
6845,0.033661485,0.17843246,0.17119391,21,False
6855,0.0066563254,0.14884982,0.14174014,17,False
6865,0.06813595,0.10573202,0.10385222,13,False
6875,0.07143593,0.04604018,0.04730997,6,False
6885,0.06630429,0.053455673,0.054098103,7,False
6895,0.070189685,0.02816453,0.030265788,4,False
6905,0.04989219,0.009624865,0.011638232,1,False
6915,0.050837442,0.040251434,0.040780734,5,False
6925,0.06307866,0.0576981,0.057967126,7,False
6935,0.070562206,0.084313855,0.08362627,10,False
6945,0.05747699,0.05717209,0.057187334,7,False
6955,0.036116015,0.06559717,0.06412311,8,False
6965,0.036217846,0.011049486,0.012307904,1,False
6975,0.0033829685,0.047854487,0.04563091,6,False
6985,0.002799532,0.0,0.0001399766,0,False
6995,0.0016115872,0.37521842,0.3565381,43,False
7005,0.025273755,0.33629265,0.32074168,39,False
7015,0.014223287,0.41388366,0.39390063,48,False
7025,0.16651946,0.0779208,0.08235073,10,False
7035,0.15748096,0.02524842,0.031860046,4,False
7045,0.14162846,0.010016601,0.016597193,2,False
7055,0.12533873,0.02061413,0.025850361,3,False
7065,0.15140492,0.0,0.007570246,1,False
7075,0.13828929,0.002842415,0.009614758,1,False
7085,0.15514815,0.02950987,0.035791785,4,False
7095,0.15553851,0.0,0.007776926,1,False
7105,0.15156797,0.0,0.0075783986,1,False
7115,0.07499344,0.0,0.003749672,0,False
7125,0.000208087,0.0,1.040435e-05,0,False
7135,0.0032759728,0.00063498784,0.00076703704,0,False
7145,0.0,0.09750186,0.092626765,11,False
7155,0.0,0.054720737,0.0519847,6,False
7165,0.00789741,0.047181137,0.045216948,5,False
7175,0.009622758,0.06367583,0.06097317,7,False
7185,0.02942562,0.0012410241,0.002650254,0,False
7195,0.009396409,0.0052978373,0.005502766,1,False
7205,0.011120131,0.006223048,0.006467902,1,False
7215,0.0015399138,0.0,7.699569e-05,0,False
7225,0.01925763,0.0,0.0009628815,0,False
7235,0.004815702,0.0,0.0002407851,0,False
7245,0.012379587,0.0,0.00061897933,0,False
7255,0.0029840781,0.010236179,0.009873574,1,False
7265,0.0,0.16683103,0.15848948,19,False
7275,0.0,0.17403515,0.16533339,20,False
7285,0.0,0.18485138,0.17560881,21,False
7295,0.055021696,0.016150588,0.018094143,2,False
7305,0.062382642,0.09248048,0.09097559,11,False
7315,0.062482633,0.023833351,0.025765814,3,False
7325,0.04256851,0.007537737,0.009289276,1,False
7335,0.050056595,0.0040836255,0.006382274,1,False
7345,0.06375798,0.047881767,0.048675578,6,False
7355,0.04760183,0.08963539,0.087533705,11,False
7365,0.056899272,0.2109655,0.20326218,25,False
7375,0.09669276,0.009956541,0.014293352,2,False
7385,0.077385575,0.10880002,0.10722929,13,False
7395,0.045761388,0.09061338,0.08837078,11,False
7405,0.035586193,0.15651426,0.15046784,18,False
7415,0.028960675,0.12159426,0.11696258,14,False
7425,0.034443866,0.1599453,0.15367022,19,False
7435,0.07774527,0.05516147,0.056290656,7,False
7445,0.07770318,0.004289189,0.007959888,1,False
7455,0.0803261,0.000746499,0.0047254795,1,False
7465,0.060828984,0.0027836415,0.0056859087,1,False
7475,0.058262434,0.045288756,0.045937438,6,False
7485,0.025202898,0.047932643,0.046796158,6,False
7495,0.00212898,0.049862396,0.047475725,6,False
7505,0.013122881,0.086076826,0.082429126,10,False
7515,0.03084937,0.04352745,0.042893544,5,False
7525,0.0,0.07890578,0.07496049,9,False
7535,0.0,0.15328285,0.1456187,18,False
7545,0.025491983,0.12954727,0.124344505,15,False
7555,0.028793586,0.11615896,0.11179069,14,False
7565,0.06433674,0.007050454,0.009914769,1,False
7575,0.06249667,0.0,0.0031248336,0,False
7585,0.05900205,0.0,0.0029501026,0,False
7595,0.07456853,0.0037180071,0.0072605335,1,False
7605,0.055720992,0.15434411,0.14941296,18,False
7615,0.040083263,0.18967608,0.18219644,22,False
7625,0.04370422,0.20536403,0.19728103,24,False
7635,0.07817045,0.08897202,0.08843194,11,False
7645,0.092192054,0.090653114,0.090730056,11,False
7655,0.08784377,0.0,0.0043921885,1,False
7665,0.03022077,0.00024680034,0.0017454989,0,False
7675,0.050853472,0.014499323,0.01631703,2,False
7685,0.04715543,0.0012432042,0.0035388153,0,False
7695,0.028649556,0.032780334,0.032573793,4,False
7705,0.07071263,0.26239446,0.25281036,31,False
7715,0.14058834,0.11776619,0.11890729,14,False
7725,0.05291373,0.0210786,0.022670357,3,False
7735,0.0,0.0,0.0,0,False
7745,0.0,0.01306444,0.012411218,1,False
7755,0.0,0.0,0.0,0,False
7765,0.0101262,0.010744749,0.010713821,1,False
7775,0.00813129,0.0055213105,0.0056518097,1,False
7785,0.0,0.029396245,0.027926432,3,False
7795,0.15754248,0.32954833,0.32094803,39,False
7805,0.0,0.34342092,0.32624987,39,False
7815,0.003742299,0.38016966,0.3613483,44,False
7825,0.06700414,0.062297687,0.062533006,8,False
7835,0.09587257,0.035369273,0.03839444,5,False
7845,0.07736131,0.039600685,0.041488715,5,False
7855,0.07684217,0.05124299,0.052522946,6,False
7865,0.08915533,0.0,0.0044577667,1,False
7875,0.09103138,0.21139866,0.2053803,25,False
7885,0.09441439,0.15510769,0.15207303,18,False
7895,0.097989015,0.22231324,0.21609703,26,False
7905,0.140111,0.06012651,0.06412573,8,False
7915,0.05840009,0.08643361,0.085031934,10,False
7925,0.056637533,0.08994466,0.0882793,11,False
7935,0.06334554,0.09557694,0.093965374,11,False
7945,0.06285864,0.09585935,0.09420931,11,False
7955,0.07505188,0.36033383,0.34606972,42,False
7965,0.090633854,0.23797046,0.23060362,28,False
7975,0.091126256,0.19069529,0.18571684,22,False
7985,0.110508844,0.20814325,0.20326152,25,False
7995,0.14584455,0.0018578256,0.009057161,1,False
8005,0.096845366,0.03508854,0.03817638,5,False
8015,0.07104136,0.028709257,0.030825863,4,False
8025,0.08364425,0.15902855,0.15525934,19,False
8035,0.13111064,0.029072987,0.03417487,4,False
8045,0.12971008,0.031047432,0.035980564,4,False
8055,0.04016238,0.0039926847,0.005801169,1,False
8065,0.046429746,0.0003696324,0.002672638,0,False
8075,0.03210835,0.0326283,0.032602303,4,False
8085,0.0015721701,0.04736668,0.04507695,5,False
8095,0.00088899717,0.06859368,0.06520844,8,False
8105,0.0059088143,0.13789023,0.13129117,16,False
8115,0.023008026,0.15679117,0.150102,18,False
8125,0.04491473,0.056096103,0.055537034,7,False
8135,0.022169562,0.08430711,0.08120023,10,False
8145,0.04989027,0.020423748,0.021897074,3,False
8155,0.033620648,0.112409025,0.108469605,13,False
8165,0.038919784,0.04902558,0.04852029,6,False
8175,0.06453743,0.027112873,0.0289841,4,False
8185,0.052275736,0.14998883,0.14510317,18,False
8195,0.060436834,0.1110158,0.108486846,13,False
8205,0.044092797,0.0037895676,0.0058047287,1,False
8215,0.044346504,0.0,0.0022173251,0,False
8225,0.041561797,0.08741559,0.0851229,10,False
8235,0.017447969,0.020775346,0.020608976,2,False
8245,0.0069122734,0.05740244,0.05487793,7,False
8255,0.046701007,0.032237243,0.03296043,4,False
8265,0.022504456,0.11893147,0.11411012,14,False
8275,0.022146946,0.11192364,0.10743481,13,False
8285,0.024061104,0.049856883,0.048567094,6,False
8295,0.018490952,0.103953406,0.09968028,12,False
8305,0.06635905,0.051593505,0.052331783,6,False
8315,0.04101213,0.09302622,0.09042551,11,False
8325,0.022717915,0.034802265,0.03419805,4,False
8335,0.0063193785,0.09812579,0.093535475,11,False
8345,0.031735208,0.12996289,0.12505151,15,False
8355,0.02800185,0.09213223,0.08892571,11,False
8365,0.048615012,0.05453522,0.05423921,7,False
8375,0.05020056,0.050617952,0.05059708,6,False
8385,0.05098363,0.005294557,0.007579011,1,False
8395,0.0068981363,0.074551955,0.071169265,9,False
8405,0.051882498,0.17826784,0.17194857,21,False
8415,0.035809886,0.122678734,0.11833529,14,False
8425,0.043971445,0.09174768,0.089358866,11,False
8435,0.04315432,0.1055238,0.10240533,12,False
8445,0.09857343,0.07924992,0.080216095,10,False
8455,0.025697399,0.06709253,0.065022774,8,False
8465,0.06782471,0.0,0.0033912354,0,False
8475,0.07443908,0.0,0.003721954,0,False
8485,0.06797565,0.0,0.0033987823,0,False
8495,0.074309334,0.0100838635,0.013295137,2,False
8505,0.059193905,0.111608565,0.10898783,13,False
8515,0.052789748,0.07765164,0.07640855,9,False
8525,0.023998005,0.038238816,0.037526775,5,False
8535,0.0,0.068066694,0.06466336,8,False
8545,0.02164569,0.03683627,0.036076743,4,False
8555,2.397125e-06,0.034922212,0.03317622,4,False
8565,0.005722649,0.0,0.00028613245,0,False
8575,0.0,0.0007038056,0.0006686153,0,False
8585,0.0021420731,0.023726143,0.02264694,3,False
8595,0.027981114,0.08680455,0.08386337,10,False
8605,0.022096524,0.21777986,0.2079957,25,False
8615,0.019508637,0.20527436,0.19598606,24,False
8625,0.04517149,0.102714986,0.09983781,12,False
8635,0.03211846,0.069234475,0.06737867,8,False
8645,0.025066946,0.029497743,0.029276203,4,False
8655,0.039026253,0.12725563,0.12284417,15,False
8665,0.033026606,0.010605492,0.011726547,1,False
8675,0.04247963,0.028868388,0.02954895,4,False
8685,0.04184246,0.050168697,0.049752384,6,False
8695,0.028014565,0.19694196,0.18849558,23,False
8705,0.04425688,0.016467862,0.017857313,2,False
8715,0.02969725,0.032251168,0.032123473,4,False
8725,0.0341969,0.002328684,0.0039220946,0,False
8735,0.012713702,0.0,0.0006356851,0,False
8745,0.026244292,0.0,0.0013122146,0,False
8755,0.013657508,0.0,0.00068287546,0,False
8765,0.0008110782,0.06747443,0.064141266,8,False
8775,0.0048681437,0.10623026,0.10116216,12,False
8785,0.0041309763,0.22234699,0.21143618,26,False
8795,0.0,0.07785858,0.073965654,9,False
8805,0.0,0.016087998,0.015283598,2,False
8815,0.004050188,0.041649092,0.039769147,5,False
8825,0.0,0.059656624,0.05667379,7,False
8835,0.0,0.09573064,0.090944104,11,False
8845,0.0,0.03876109,0.036823034,4,False
8855,0.011430047,0.0868822,0.08310959,10,False
8865,0.029842054,0.10255521,0.09891955,12,False
8875,0.0413772,0.07602987,0.074297234,9,False
8885,0.03871708,0.05806064,0.05709346,7,False
8895,0.06813595,0.037783805,0.03930141,5,False
8905,0.053661052,0.009117497,0.011344675,1,False
8915,0.058516894,0.016639296,0.018733175,2,False
8925,0.06885563,0.049614735,0.05057678,6,False
8935,0.078197666,0.22823103,0.22072937,27,False
8945,0.10795371,0.04165598,0.044970866,5,False
8955,0.042636503,0.006600952,0.008402729,1,False
8965,0.070358,0.0,0.0035179001,0,False
8975,0.06414937,0.0,0.0032074687,0,False
8985,0.03836901,0.0021026765,0.0039159935,0,False
8995,0.0073190727,0.027427673,0.026422244,3,False
9005,0.017450778,0.056754213,0.05478904,7,False
9015,0.02568953,0.005678393,0.0066789496,1,False
9025,0.007015424,0.03433556,0.032969553,4,False
9035,0.00036531585,0.0106521705,0.010137828,1,False
9045,0.0,0.053601436,0.050921366,6,False
9055,0.0028930244,0.054442123,0.05186467,6,False
9065,0.0043800385,0.09112699,0.086789645,10,False
9075,0.012489288,0.01340745,0.0133615425,2,False
9085,0.032366883,0.0,0.0016183442,0,False
9095,0.003045793,0.043172278,0.04116595,5,False
9105,0.005935653,0.022967346,0.022115761,3,False
9115,0.0,0.2908886,0.27634418,33,False
9125,0.0,0.31551114,0.29973558,36,False
9135,0.03047577,0.28061286,0.268106,32,False
9145,0.08380344,0.022619257,0.025678467,3,False
9155,0.07258336,0.039021727,0.040699806,5,False
9165,0.10481829,0.0,0.005240915,1,False
9175,0.088054664,0.006415814,0.010497756,1,False
9185,0.08263542,0.0,0.004131771,0,False
9195,0.11363128,0.09084978,0.091988854,11,False
9205,0.11771809,0.0076705157,0.013172895,2,False
9215,0.08734837,0.025371604,0.028470442,3,False
9225,0.0726133,0.005087661,0.008463942,1,False
9235,0.06996563,0.014123285,0.016915403,2,False
9245,0.0,0.0034686988,0.0032952637,0,False
9255,0.0,0.0,0.0,0,False
9265,0.0,0.0,0.0,0,False
9275,0.0,0.0,0.0,0,False
9285,0.016055914,0.0,0.0008027957,0,False
9295,0.0,0.0,0.0,0,False
9305,0.0,0.0,0.0,0,False
9315,0.0,0.04639864,0.044078708,5,False
9325,0.0,0.13739216,0.13052255,16,False
9335,0.0,0.085876204,0.08158239,10,False
9345,0.0,0.04926183,0.04679874,6,False
9355,0.0038431198,0.015048881,0.014488593,2,False
9365,0.005035079,0.0,0.00025175395,0,False
9375,0.0,0.02232343,0.021207258,3,False
9385,0.00032359228,0.022966707,0.02183455,3,False
9395,0.026332738,0.16088781,0.15416005,19,False
9405,0.021743726,0.14806145,0.14174557,17,False
9415,0.027200965,0.11515336,0.11075574,13,False
9425,0.026139552,0.14813724,0.14203736,17,False
9435,0.073141284,0.004232792,0.0076782163,1,False
9445,0.066157006,0.035549566,0.037079938,4,False
9455,0.061497416,0.05713445,0.057352595,7,False
9465,0.02736026,0.065701805,0.063784726,8,False
9475,0.07174897,0.061984017,0.06247226,8,False
9485,0.08597386,0.077380784,0.07781044,9,False
9495,0.08569737,0.110466875,0.109228395,13,False
9505,0.11515687,0.2271847,0.22158329,27,False
9515,0.09048515,0.32269484,0.31108436,38,False
9525,0.08786003,0.12234738,0.12062301,15,False
9535,0.08072449,0.023233622,0.026108166,3,False
9545,0.09927923,0.020601615,0.024535496,3,False
9555,0.0840855,0.061075926,0.062226407,8,False
9565,0.077579126,0.14406073,0.14073664,17,False
9575,0.07785035,0.0,0.0038925174,0,False
9585,0.08900615,0.0,0.0044503077,1,False
9595,0.09381848,0.021204878,0.024835559,3,False
9605,0.0719983,0.0,0.003599915,0,False
9615,0.08314259,0.015276821,0.01867011,2,False
9625,0.038784888,0.0,0.0019392445,0,False
9635,0.0,0.011155554,0.010597777,1,False
9645,0.0,0.019917274,0.01892141,2,False
9655,0.0,0.10027391,0.09526021,12,False
9665,0.0,0.070358254,0.06684034,8,False
9675,0.0,0.003071484,0.0029179098,0,False
9685,0.039016996,0.014919396,0.016124275,2,False
9695,0.0,0.03125638,0.029693563,4,False
9705,0.0,0.05956305,0.056584895,7,False
9715,0.023981588,0.094315514,0.09079882,11,False
9725,0.04295733,0.032598298,0.03311625,4,False
9735,0.057097953,0.0470188,0.047522757,6,False
9745,0.02319435,0.09967995,0.09585567,12,False
9755,0.038874146,0.11139487,0.10776883,13,False
9765,0.02182429,0.06531146,0.0631371,8,False
9775,0.011922082,0.06546591,0.06278872,8,False
9785,0.08216068,0.11502691,0.1133836,14,False
9795,0.076900475,0.05473268,0.05584107,7,False
9805,0.038880467,0.044390135,0.044114653,5,False
9815,0.03553558,0.07323476,0.0713498,9,False
9825,0.01683142,0.03578557,0.034837864,4,False
9835,0.08226035,0.11083657,0.10940776,13,False
9845,0.05334137,0.044073455,0.04453685,5,False
9855,0.03349666,0.13481766,0.12975161,16,False
9865,0.06417957,0.042069655,0.043175153,5,False
9875,0.028051682,0.045997936,0.045100622,5,False
9885,0.047277987,0.041773796,0.042049002,5,False
9895,0.053999517,0.043098837,0.04364387,5,False
9905,0.036044303,0.0,0.0018022152,0,False
9915,0.038774367,0.01412816,0.01536047,2,False
9925,0.042174518,0.0060565984,0.007862494,1,False
9935,0.015120588,0.0,0.00075602945,0,False
9945,0.011445186,0.0,0.0005722593,0,False
9955,0.001413924,0.028914966,0.027539914,3,False
9965,0.0,0.050927028,0.048380677,6,False
9975,0.035567608,0.048548337,0.0478993,6,False
9985,0.0,0.046698928,0.04436398,5,False
9995,0.0,0.014222255,0.013511142,2,False
10005,0.0,0.04514707,0.042889714,5,False
10015,0.0,0.027147366,0.025789997,3,False
10025,0.0,0.06529205,0.06202745,7,False
10035,0.0,0.04006263,0.038059495,5,False
10045,0.00010064892,0.013223831,0.012567672,2,False
10055,0.0068761883,0.04638047,0.04440526,5,False
10065,0.021663109,0.0071257595,0.007852627,1,False
10075,0.02765856,0.08012642,0.077503026,9,False
10085,0.030776042,0.027539669,0.027701486,3,False
10095,0.019554079,0.09438971,0.09064792,11,False
10105,0.0050265626,0.085422195,0.08140241,10,False
10115,0.015125567,0.11341568,0.10850117,13,False
10125,0.033299807,0.08659961,0.08393462,10,False
10135,0.03221766,0.00061759434,0.0021975976,0,False
10145,0.035810627,0.15207894,0.14626554,18,False
10155,0.040326238,0.0012777203,0.0032301461,0,False
10165,0.04834854,0.07223482,0.0710405,9,False
10175,0.069741994,0.1054254,0.103641234,13,False
10185,0.03520907,0.12664853,0.122076556,15,False
10195,0.03187245,0.0,0.0015936226,0,False
10205,0.03581323,0.047672555,0.04707959,6,False
10215,0.03951159,0.058146656,0.057214905,7,False
10225,0.0,0.05385432,0.051161602,6,False
10235,0.01265734,0.09829097,0.09400929,11,False
10245,0.032055218,0.059840538,0.058451273,7,False
10255,0.07265539,0.047976874,0.049210798,6,False
10265,0.06520133,0.08822939,0.08707798,11,False
10275,0.060594928,0.041665677,0.04261214,5,False
10285,0.042032674,0.1578942,0.15210111,18,False
10295,0.04558222,0.1641747,0.15824509,19,False
10305,0.08966712,0.16048978,0.15694866,19,False
10315,0.08496225,0.113628455,0.11219514,14,False
10325,0.16204232,0.038558163,0.04473237,5,False
10335,0.1472562,0.05093547,0.055751506,7,False
10345,0.14150724,0.021066098,0.027088154,3,False
10355,0.11849061,0.056587182,0.059682354,7,False
10365,0.09870851,0.024761898,0.028459229,3,False
10375,0.0994189,0.14649886,0.14414485,17,False
10385,0.11368267,0.008055738,0.013337085,2,False
10395,0.08464596,0.01463709,0.018137533,2,False
10405,0.10895973,0.0022443323,0.0075801024,1,False
10415,0.028303396,0.015758278,0.016385533,2,False
10425,0.022949794,0.097392425,0.093670286,11,False
10435,0.001154698,0.04734954,0.045039795,5,False
10445,0.008520667,0.040397435,0.038803596,5,False
10455,0.0063153445,0.014149043,0.013757357,2,False
10465,0.0,0.05156015,0.04898214,6,False
10475,0.0,0.176928,0.1680816,20,False
10485,0.0,0.103052326,0.097899705,12,False
10495,0.014361434,0.03167208,0.030806547,4,False
10505,0.034212783,0.040479247,0.040165924,5,False
10515,0.045820992,0.0023592273,0.004532316,1,False
10525,0.03532736,0.0044739493,0.0060166195,1,False
10535,0.01983813,0.0,0.0009919065,0,False
10545,0.009740203,0.11340075,0.108217716,13,False
10555,0.022214001,0.1706137,0.16319372,20,False
10565,0.028279569,0.13485561,0.12952681,16,False
10575,0.067908294,0.085103154,0.08424341,10,False
10585,0.04123377,0.029782329,0.030354902,4,False
10595,0.04315639,0.104149364,0.101099715,12,False
10605,0.009108325,0.0,0.00045541624,0,False
10615,0.032436248,0.06770667,0.065943144,8,False
10625,0.07492424,0.053639613,0.054703843,7,False
10635,0.065436274,0.03543387,0.036933992,4,False
10645,0.05107316,0.0020856725,0.004535047,1,False
10655,0.04773005,0.113072254,0.109805144,13,False
10665,0.04701951,0.15815175,0.15259513,18,False
10675,0.020300902,0.32177675,0.30670294,37,False
10685,0.04323249,0.023276296,0.024274105,3,False
10695,0.069687515,0.06357024,0.0638761,8,False
10705,0.04788258,0.06388756,0.06308731,8,False
10715,0.091565244,0.042039495,0.04451578,5,False
10725,0.06257852,0.029634405,0.03128161,4,False
10735,0.06243603,0.0,0.0031218014,0,False
10745,0.017591242,0.009985008,0.01036532,1,False
10755,0.003919608,0.018979974,0.018226955,2,False
10765,0.0007156724,0.24872246,0.23632212,29,False
10775,0.0014550412,0.30204153,0.2870122,35,False
10785,0.0,0.29402733,0.27932596,34,False
10795,0.13067907,0.47345358,0.45631486,55,False
10805,0.10028073,0.164462,0.16125293,19,False
10815,0.11141005,0.18589275,0.1821686,22,False
10825,0.108268075,0.1986169,0.19409946,23,False
10835,0.11648553,0.25023234,0.243545,29,False
10845,0.12831053,0.14969356,0.14862442,18,False
10855,0.12944567,0.13128828,0.13119614,16,False
10865,0.18294114,0.033134703,0.04062502,5,False
10875,0.17546913,0.04350185,0.050100215,6,False
10885,0.5314053,0.29421526,0.30607477,37,False
10895,0.18080884,0.0,0.009040442,1,False
10905,0.0984988,0.017411597,0.021465957,3,False
10915,0.08180844,0.0033760797,0.007297698,1,False
10925,0.024805233,0.061875578,0.06002206,7,False
10935,0.016003814,0.0059855767,0.006486488,1,False
10945,0.01869482,0.095584735,0.09174024,11,False
10955,0.0037801987,0.116049774,0.11043629,13,False
10965,0.0,0.1472337,0.13987201,17,False
10975,0.0,0.06629554,0.06298076,8,False
10985,0.004297951,0.06785942,0.064681344,8,False
10995,0.03561373,0.038872313,0.038709383,5,False
11005,0.036365326,0.026870862,0.027345585,3,False
11015,0.038878474,0.011014228,0.01240744,1,False
11025,0.036212523,0.0076377797,0.0090665165,1,False
11035,0.02964663,0.0057877563,0.0069807,1,False
11045,0.029154008,0.0138423825,0.014607964,2,False
11055,0.014087415,0.010264746,0.010455879,1,False
11065,0.01764143,0.0,0.00088207156,0,False
11075,0.0106561985,2.2178929e-05,0.00055387995,0,False
11085,0.007856995,0.16916034,0.16109517,19,False
11095,0.0,0.14527036,0.13800684,17,False
11105,0.0,0.2004257,0.19040442,23,False
11115,0.0,0.26666984,0.25333634,31,False
11125,0.0057065827,0.073587604,0.07019355,8,False
11135,0.00956023,0.063797854,0.06108597,7,False
11145,0.017604722,0.11445198,0.10960962,13,False
11155,0.07000774,0.02007444,0.022571106,3,False
11165,0.05531434,0.04560471,0.046090193,6,False
11175,0.0651571,0.0064275046,0.009363985,1,False
11185,0.112019494,0.0,0.005600975,1,False
11195,0.1106927,0.0019174978,0.007356258,1,False
11205,0.059534337,0.0020341466,0.004909156,1,False
11215,0.018277667,0.034967747,0.034133244,4,False
11225,0.009089309,0.024189072,0.023434082,3,False
11235,0.018410169,0.09578255,0.09191393,11,False
11245,0.0,0.14269684,0.135562,16,False
11255,0.0,0.04742012,0.045049116,5,False
11265,0.0,0.0,0.0,0,False
11275,0.0,0.0,0.0,0,False
11285,0.0,0.0022342096,0.002122499,0,False
11295,0.0,0.046020932,0.043719884,5,False
11305,0.0,0.050222192,0.04771108,6,False
11315,0.0,0.042538904,0.040411957,5,False
11325,0.0037597339,0.095420994,0.090837926,11,False
11335,0.0032358505,0.05051055,0.048146818,6,False
11345,0.0,0.027923582,0.026527403,3,False
11355,0.0,0.075610876,0.07183033,9,False
11365,0.015096081,0.030010566,0.029264841,4,False
11375,0.0,0.046186823,0.043877482,5,False
11385,0.016295603,0.055456784,0.053498723,6,False
11395,0.03563137,0.021606214,0.02230747,3,False
11405,0.013641816,0.10322774,0.098748446,12,False
11415,0.047406327,0.025309758,0.026414586,3,False
11425,0.071778856,0.077362,0.07708284,9,False
11435,0.06906956,0.11891117,0.116419084,14,False
11445,0.050272588,0.07179093,0.07071502,9,False
11455,0.019079207,0.15333205,0.14661941,18,False
11465,0.031650133,0.15226443,0.14623371,18,False
11475,0.022039788,0.16179672,0.15480886,19,False
11485,0.04964927,0.0070959413,0.009223607,1,False
11495,0.08267639,0.049266335,0.050936837,6,False
11505,0.06055823,0.028897293,0.03048034,4,False
11515,0.058596995,0.114137314,0.1113603,13,False
11525,0.05113734,0.055338833,0.05512876,7,False
11535,0.051067024,0.053749327,0.053615212,6,False
11545,0.037914194,0.07279223,0.07104833,9,False
11555,0.027772559,0.15230002,0.14607364,18,False
11565,0.017476283,0.08480646,0.08143994,10,False
11575,0.07101227,0.09912787,0.09772208,12,False
11585,0.036611784,0.133865,0.12900233,16,False
11595,0.051875237,0.11897067,0.1156159,14,False
11605,0.10062844,0.21295616,0.20733978,25,False
11615,0.06517912,0.20542984,0.1984173,24,False
11625,0.087280124,0.045618482,0.047701564,6,False
11635,0.13005726,0.024867844,0.030127315,4,False
11645,0.10263741,0.042046648,0.045076184,5,False
11655,0.13440348,0.0,0.006720174,1,False
11665,0.11130545,0.011160438,0.01616769,2,False
11675,0.09060026,0.011055183,0.015032437,2,False
11685,0.10036825,0.0,0.0050184126,1,False
11695,0.04638567,0.030077528,0.030892935,4,False
11705,0.042557217,0.11547363,0.111827806,14,False
11715,0.028348831,0.019447954,0.019892998,2,False
11725,0.010625066,0.02104862,0.020527441,2,False
11735,0.0034252363,0.08392296,0.07989807,10,False
11745,0.020686848,0.0005401084,0.0015474454,0,False
11755,0.0,0.041325588,0.039259307,5,False
11765,0.0,0.06795204,0.06455443,8,False
11775,0.0,0.1725676,0.16393922,20,False
11785,0.017194696,0.29883927,0.28475705,34,False
11795,0.003270043,0.019311452,0.018509382,2,False
11805,0.0115608135,0.0,0.00057804066,0,False
11815,0.008891045,0.03315187,0.03193883,4,False
11825,0.020997008,0.011890896,0.012346201,1,False
11835,0.018204775,0.037266836,0.03631373,4,False
11845,0.03756315,0.045510624,0.04511325,5,False
11855,0.04815618,0.09469057,0.09236385,11,False
11865,0.0295015,0.09125799,0.08817016,11,False
11875,0.037535876,0.09119174,0.08850894,11,False
11885,0.013345765,0.07170265,0.06878481,8,False
11895,0.015480663,0.15943536,0.15223762,18,False
11905,0.021918947,0.02114952,0.02118799,3,False
11915,0.022886533,0.01739484,0.017669426,2,False
11925,0.05715394,0.070632346,0.069958426,8,False
11935,0.020373156,0.041783843,0.04071331,5,False
11945,0.031975623,0.024739534,0.025101338,3,False
11955,0.026940182,0.17025766,0.16309178,20,False
11965,0.018365387,0.0010335563,0.0019001479,0,False
11975,0.0055816094,0.014459436,0.014015544,2,False
11985,0.013527868,0.12698111,0.121308446,15,False
11995,0.008349975,0.08902667,0.08499283,10,False
12005,0.047186844,0.13269319,0.12841786,16,False
12015,0.03406274,0.05305845,0.05210866,6,False
12025,0.046630736,0.08964117,0.08749065,11,False
12035,0.006701987,0.055314526,0.0528839,6,False
12045,0.0026175561,0.11235581,0.1068689,13,False
12055,0.027622132,0.24871059,0.23765616,29,False
12065,0.02240784,0.15323892,0.14669736,18,False
12075,0.023633847,0.1935923,0.18509437,22,False
12085,0.0845177,0.018149734,0.021468133,3,False
12095,0.0780328,0.0006535746,0.004522536,1,False
12105,0.07173447,0.0228387,0.02528349,3,False
12115,0.04250599,0.0,0.0021252995,0,False
12125,0.041253977,0.0010833133,0.0030918464,0,False
12135,0.049581897,0.033316422,0.034129694,4,False
12145,0.031471442,0.0,0.0015735722,0,False
12155,0.029521449,0.0,0.0014760725,0,False
12165,0.032056578,0.013571372,0.014495632,2,False
12175,0.0,0.037433006,0.035561357,4,False
12185,0.0,0.067737624,0.06435074,8,False
12195,0.0,0.03210849,0.030503064,4,False
12205,0.0034872687,0.023611223,0.022605026,3,False
12215,0.0028420717,0.0,0.00014210358,0,False
12225,0.0053873374,0.03482398,0.033352148,4,False
12235,0.008359542,0.06421979,0.061426774,7,False
12245,0.0018611442,0.088483736,0.08415261,10,False
12255,0.020102594,0.060646936,0.058619715,7,False
12265,0.043332856,0.03276768,0.033295937,4,False
12275,0.039931476,0.012659425,0.014023027,2,False
12285,0.024228549,0.0,0.0012114275,0,False
12295,0.009409703,0.034238957,0.032997493,4,False
12305,0.008560051,0.12588508,0.12001883,15,False
12315,0.0,0.07662556,0.07279428,9,False
12325,0.0056267343,0.094204016,0.089775145,11,False
12335,0.045869753,0.16383384,0.15793563,19,False
12345,0.05982272,0.21768351,0.20979047,25,False
12355,0.06890606,0.115866385,0.11351837,14,False
12365,0.024109108,0.11821045,0.11350538,14,False
12375,0.074906304,0.11490784,0.11290776,14,False
12385,0.09155817,0.1543941,0.1512523,18,False
12395,0.101537906,0.13070163,0.12924345,16,False
12405,0.15384564,0.031195778,0.037328273,5,False
12415,0.18133368,0.037423503,0.04461901,5,False
12425,0.18574928,0.050747868,0.057497937,7,False
12435,0.11244422,0.037834417,0.041564908,5,False
12445,0.12785973,0.1412802,0.14060917,17,False
12455,0.12807949,0.032094523,0.03689377,4,False
12465,0.12546334,0.10573471,0.10672114,13,False
12475,0.10406153,0.069053575,0.07080397,9,False
12485,0.09276406,0.0728045,0.07380248,9,False
12495,0.03491402,0.12760219,0.12296778,15,False
12505,0.03195965,0.19254018,0.18451115,22,False
12515,0.01957417,0.19904087,0.19006753,23,False
12525,0.056370687,0.3929897,0.37615874,45,False
12535,0.061402738,0.122120745,0.11908484,14,False
12545,0.07710088,0.2706052,0.26093,32,False
12555,0.1032094,0.088575944,0.08930762,11,False
12565,0.107112885,0.036419526,0.039954193,5,False
12575,0.17367436,0.035236202,0.042158112,5,False
12585,0.13828468,0.084195696,0.086900145,11,False
12595,0.17104328,0.25879887,0.2544111,31,False
12605,0.12673505,0.16787967,0.16582243,20,False
12615,0.13580856,0.052627433,0.05678649,7,False
12625,0.10895499,9.0019756e-05,0.005533268,1,False
12635,0.09943969,0.0006981682,0.005635244,1,False
12645,0.043784466,0.043237336,0.04326469,5,False
12655,0.0077913385,0.042065952,0.04035222,5,False
12665,0.022336757,0.023659566,0.023593426,3,False
12675,0.01528089,0.005196108,0.005700347,1,False
12685,0.018680034,0.0,0.0009340017,0,False
12695,0.0043669874,0.045324467,0.043276593,5,False
12705,0.0,0.0020917568,0.001987169,0,False
12715,0.0,0.022360248,0.021242237,3,False
12725,0.024173358,0.024196696,0.02419553,3,False
12735,0.0,0.0909067,0.08636136,10,False
12745,0.0021624393,0.024372894,0.023262372,3,False
12755,0.024027115,0.008827337,0.009587326,1,False
12765,0.0,0.025996426,0.024696605,3,False
12775,0.026243556,0.048441023,0.047331147,6,False
12785,0.022464449,0.14816557,0.14188051,17,False
12795,0.0037011849,0.1357469,0.12914461,16,False
12805,0.032034263,0.11246468,0.108443156,13,False
12815,0.04637384,0.06606101,0.06507666,8,False
12825,0.042828016,0.10781044,0.104561314,13,False
12835,0.08879703,0.18744792,0.18251537,22,False
12845,0.04611815,0.085392475,0.08342876,10,False
12855,0.058121752,0.07145157,0.070785075,9,False
12865,0.07862216,0.09242531,0.09173515,11,False
12875,0.083654,0.1027403,0.10178599,12,False
12885,0.07188386,0.03445796,0.036329255,4,False
12895,0.059122298,0.052770067,0.053087678,6,False
12905,0.044747677,0.09888608,0.096179165,12,False
12915,0.030456424,0.11064831,0.10663872,13,False
12925,0.050630473,0.103814565,0.101155356,12,False
12935,0.030630138,0.019150566,0.019724544,2,False
12945,0.034790162,0.058243174,0.057070524,7,False
12955,0.067122385,0.056877177,0.057389434,7,False
12965,0.035381623,0.064954035,0.063475415,8,False
12975,0.021641262,0.060381025,0.058444034,7,False
12985,0.04111453,0.026915444,0.027625399,3,False
12995,0.033093095,0.052006643,0.051060963,6,False
13005,0.06330501,0.0,0.0031652506,0,False
13015,0.03475335,0.0,0.0017376675,0,False
13025,0.024114586,0.024823327,0.02478789,3,False
13035,0.029388305,0.11531662,0.11102021,13,False
13045,0.0036168094,0.0694537,0.066161856,8,False
13055,0.016647447,0.071092956,0.06837068,8,False
13065,0.0006899852,0.043719895,0.0415684,5,False
13075,0.03605249,0.013260414,0.014400017,2,False
13085,0.023090048,0.0,0.0011545024,0,False
13095,0.0,0.0390337,0.037082013,4,False
13105,0.020672727,0.017741118,0.017887697,2,False
13115,0.0009850411,0.058939148,0.05604144,7,False
13125,0.0,0.074404,0.0706838,9,False
13135,0.0011399147,0.1710744,0.16257767,20,False
13145,0.010165083,0.03177199,0.030691646,4,False
13155,0.03354061,0.020388117,0.021045743,3,False
13165,0.034229904,0.08276307,0.08033641,10,False
13175,0.034429155,0.12364898,0.11918799,14,False
13185,0.038916335,0.01951145,0.020481693,2,False
13195,0.043937333,0.033538043,0.03405801,4,False
13205,0.016831178,0.028461244,0.027879741,3,False
13215,0.013362991,0.09040973,0.086557396,10,False
13225,0.050017998,0.11706328,0.11371101,14,False
13235,0.045585956,0.044826206,0.044864193,5,False
13245,0.059985995,0.061263304,0.061199438,7,False
13255,0.045021094,0.034304444,0.034840275,4,False
13265,0.058558866,0.0,0.0029279434,0,False
13275,0.047206495,0.02926621,0.030163225,4,False
13285,0.021175772,0.023687838,0.023562234,3,False
13295,0.005346882,0.048611354,0.04644813,6,False
13305,0.010955076,0.07070611,0.06771855,8,False
13315,0.018853674,0.00026980147,0.0011989952,0,False
13325,0.0,0.0016620154,0.0015789147,0,False
13335,0.0039870217,0.0,0.0001993511,0,False
13345,0.0,0.016880678,0.016036645,2,False
13355,0.0,0.035391975,0.033622377,4,False
13365,0.027132021,0.02852544,0.02845577,3,False
13375,0.0032136436,0.0,0.00016068218,0,False
13385,0.0087587815,0.011547393,0.011407962,1,False
13395,0.0,0.040742446,0.038705323,5,False
13405,0.011133144,0.015590145,0.015367295,2,False
13415,0.01462388,0.017235573,0.017104989,2,False
13425,0.0,0.0,0.0,0,False
13435,0.013639811,0.044514935,0.04297118,5,False
13445,0.0021498636,0.54754055,0.520271,61,False
13455,0.0,0.59013957,0.5606326,63,False
13465,0.00014760013,0.56423277,0.5360285,62,False
13475,0.15756507,0.0042192535,0.0118865445,1,False
13485,0.13421226,0.0102295065,0.016428644,2,False
13495,0.13912654,0.012496731,0.018828223,2,False
13505,0.12935844,0.0,0.006467922,1,False
13515,0.13983153,0.04741698,0.05203771,6,False
13525,0.14172338,0.07761095,0.08081657,10,False
13535,0.14205293,0.044212904,0.049104903,6,False
13545,0.20168811,0.36865714,0.3603087,44,False
13555,0.1382923,0.09127954,0.09363017,11,False
13565,0.14956138,0.04299185,0.048320327,6,False
13575,0.031627107,0.07240572,0.070366785,9,False
13585,0.03405319,0.07673338,0.07459937,9,False
13595,0.039115887,0.13585678,0.13101973,16,False
13605,0.057508145,0.1104828,0.10783406,13,False
13615,0.053443633,0.0003482103,0.0030029814,0,False
13625,0.061933108,0.003731115,0.0066412147,1,False
13635,0.07824858,0.01980292,0.022725202,3,False
13645,0.0998595,0.024379142,0.028153159,3,False
13655,0.055543836,0.010991974,0.013219567,2,False
13665,0.06253652,0.058593374,0.05879053,7,False
13675,0.017709808,0.0043425164,0.005010881,1,False
13685,0.054595534,0.07643242,0.07534058,9,False
13695,0.0004607268,0.13968979,0.13272834,16,False
13705,0.0011382413,0.07166929,0.068142734,8,False
13715,0.017617006,0.001873256,0.0026604435,0,False
13725,0.012291066,0.012796057,0.012770808,2,False
13735,0.011643272,0.028438605,0.02759884,3,False
13745,0.006863594,0.02220953,0.021442233,3,False
13755,0.01492986,0.0033373607,0.0039169854,0,False
13765,0.02830103,0.02857597,0.028562222,3,False
13775,0.040405437,0.0054701148,0.007216881,1,False
13785,0.06264438,0.05226347,0.052782513,6,False
13795,0.011319968,0.010004614,0.010070381,1,False
13805,0.029123612,0.03561806,0.035293333,4,False
13815,0.01363146,0.057335626,0.055150416,7,False
13825,0.013974277,0.09505592,0.09100184,11,False
13835,0.02313065,0.06559752,0.06347418,8,False
13845,0.02482723,0.03957749,0.038839977,5,False
13855,0.019364549,0.068019986,0.06558721,8,False
13865,0.042450033,0.064069584,0.0629886,8,False
13875,0.04559607,0.0,0.0022798036,0,False
13885,0.090823695,0.052501753,0.05441785,7,False
13895,0.051556237,0.006686839,0.008930309,1,False
13905,0.04095335,0.045388766,0.045166995,5,False
13915,0.0637313,0.11817396,0.11545183,14,False
13925,0.042049862,0.100279674,0.09736818,12,False
13935,0.061271515,0.10243012,0.10037219,12,False
13945,0.05912645,0.028082758,0.029634943,4,False
13955,0.029291328,0.08104691,0.07845913,9,False
13965,0.03282751,0.035207245,0.035088256,4,False
13975,0.03590131,0.042974386,0.04262073,5,False
13985,0.048889812,0.091250256,0.089132234,11,False
13995,0.046810757,0.14185062,0.13709863,17,False
14005,0.07270716,0.17752805,0.17228702,21,False
14015,0.08778745,0.18815404,0.18313572,22,False
14025,0.07566491,0.19260226,0.18675539,23,False
14035,0.07812606,0.24682061,0.23838589,29,False
14045,0.08241953,0.23562811,0.22796768,28,False
14055,0.09968404,0.21494861,0.20918538,25,False
14065,0.102074854,0.11958744,0.11871181,14,False
14075,0.08346722,0.2578737,0.24915339,30,False
14085,0.20702647,0.09752327,0.10299843,12,False
14095,0.075350344,0.14111152,0.13782346,17,False
14105,0.09463508,0.26298448,0.254567,31,False
14115,0.035456527,0.10077273,0.09750692,12,False
14125,0.036946487,0.046541445,0.046061695,6,False
14135,0.051539674,0.052153245,0.052122567,6,False
14145,0.051442284,0.13252376,0.12846969,16,False
14155,0.08465969,0.028623633,0.031425435,4,False
14165,0.08172307,0.029830825,0.032425437,4,False
14175,0.08956938,0.021902816,0.025286146,3,False
14185,0.15370005,0.08946372,0.09267554,11,False
14195,0.036636986,0.118369654,0.114283025,14,False
14205,0.020798352,0.03303153,0.03241987,4,False
14215,0.01930979,0.11595186,0.111119755,13,False
14225,0.045498773,0.084822424,0.08285624,10,False
14235,0.022977125,0.09619674,0.09253576,11,False
14245,0.09843671,0.006809252,0.011390625,1,False
14255,0.042441886,0.024905158,0.025781995,3,False
14265,0.052809358,0.0570989,0.05688442,7,False
14275,0.026678104,0.04248397,0.041693676,5,False
14285,0.044908904,0.05351583,0.053085484,6,False
14295,0.041361354,0.050180353,0.049739406,6,False
14305,0.013731725,0.07403858,0.07102323,9,False
14315,0.0380987,0.14893329,0.14339156,17,False
14325,0.015047147,0.23148978,0.22066765,27,False
14335,0.08238105,0.121900514,0.11992454,14,False
14345,0.061490167,0.3953497,0.37865672,46,False
14355,0.04480371,0.47755826,0.45592052,55,False
14365,0.13615234,0.09140726,0.093644515,11,False
14375,0.10692765,0.091315694,0.09209629,11,False
14385,0.089148656,0.15032692,0.147268,18,False
14395,0.11057493,0.20791064,0.20304385,25,False
14405,0.11060243,0.09403454,0.09486293,11,False
14415,0.19658144,0.0747201,0.08081317,10,False
14425,0.17698094,0.7513981,0.7226772,69,False
14435,0.1912953,0.7184309,0.69207406,68,False
14445,0.095841534,0.6123246,0.58650047,64,False
14455,0.46394742,1.9370757,1.8634193,98,True
14465,0.17029563,0.062501244,0.067890964,8,False
14475,0.2351971,0.04543064,0.054918963,7,False
14485,0.2434279,0.1135152,0.12001083,15,False
14495,0.17920901,0.26639402,0.26203477,32,False
14505,0.21120636,0.42014736,0.4097003,50,False
14515,0.19483265,0.20125565,0.2009345,24,False
14525,0.19581574,0.53667295,0.5196301,61,False
14535,0.22133787,0.31385314,0.30922738,37,False
14545,0.23117428,0.6434085,0.6227968,65,False
14555,0.1593953,1.0907801,1.0442109,81,True
14565,0.28172386,0.16756387,0.17327186,21,False
14575,0.24813324,0.101505965,0.10883733,13,False
14585,0.20815839,0.18122678,0.18257336,22,False
14595,0.17043827,0.26515314,0.2604174,31,False
14605,0.1801779,0.11179381,0.11521301,14,False
14615,0.15820299,0.21524242,0.21239044,26,False
14625,0.168019,0.06402747,0.06922705,8,False
14635,0.32940036,0.043221544,0.057530485,7,False
14645,0.30039984,0.02460453,0.038394295,5,False
14655,0.13387081,0.15466623,0.15362646,19,False
14665,0.12074792,0.3586275,0.3467335,42,False
14675,0.15643685,0.22934365,0.2256983,27,False
14685,0.11345317,0.09577511,0.09665901,12,False
14695,0.06705106,0.06707796,0.06707661,8,False
14705,0.07864917,0.08910765,0.08858473,11,False
14715,0.028448604,0.09630087,0.092908256,11,False
14725,0.029575104,0.1759118,0.16859497,20,False
14735,0.037518594,0.1149118,0.11104214,13,False
14745,0.068503805,0.055812407,0.056446977,7,False
14755,0.10361754,0.08647283,0.08733007,11,False
14765,0.08543998,0.18529595,0.18030316,22,False
14775,0.05351633,0.11426552,0.111228056,13,False
14785,0.035493787,0.21849199,0.20934206,25,False
14795,0.076987125,0.048373748,0.049804416,6,False
14805,0.10747981,0.09165614,0.092447326,11,False
14815,0.1365029,0.22020546,0.21602033,26,False
14825,0.11510981,0.07790088,0.07976133,10,False
14835,0.13155518,0.50339526,0.48480326,59,False
14845,0.17787719,1.0113181,0.96964604,79,False
14855,0.10037148,1.2065545,1.1512454,83,True
14865,0.20931612,0.7821424,0.75350106,70,False
14875,0.28696933,0.8627333,0.8339451,74,False
14885,0.56583154,0.8016483,0.78985745,72,False
14895,0.9554502,0.60396117,0.62153566,65,False
14905,0.7769379,0.56364566,0.5743103,63,False
14915,0.7502799,0.62636214,0.632558,65,False
14925,0.8469108,0.4506908,0.47050178,57,False
14935,0.9042651,0.42778265,0.45160678,55,False
14945,0.1350998,0.14608501,0.14553575,18,False
14955,0.11108193,0.060738668,0.06325583,8,False
14965,0.11613895,0.05270932,0.0558808,7,False
14975,0.07302925,0.060871676,0.061479554,7,False
14985,0.07677019,0.053593405,0.05475224,7,False
14995,0.07801755,0.08099521,0.080846325,10,False
15005,0.051041875,0.18111776,0.17461397,21,False
15015,0.04175186,0.13682637,0.13207264,16,False
15025,0.028685248,0.2311199,0.22099817,27,False
15035,0.045855574,0.36669642,0.35065436,42,False
15045,0.08461031,0.35047954,0.3371861,41,False
15055,0.09906466,0.094715916,0.09493335,11,False
15065,0.116441764,0.13302343,0.13219434,16,False
15075,0.18179335,0.07362222,0.07903078,10,False
15085,0.15590662,0.03961399,0.04542862,5,False
15095,0.10058275,0.13163248,0.13008,16,False
15105,0.10542413,0.1948896,0.19041634,23,False
15115,0.114896104,0.1887402,0.18504798,22,False
15125,0.1487343,0.069660045,0.073613755,9,False
15135,0.06484063,0.02230441,0.02443122,3,False
15145,0.0728772,0.07026385,0.070394516,9,False
15155,0.037473653,0.058328435,0.057285696,7,False
15165,0.051139716,0.12866269,0.12478654,15,False
15175,0.058761664,0.40880916,0.3913068,47,False
15185,0.009240541,0.12941213,0.12340355,15,False
15195,0.008046359,0.0662571,0.06334656,8,False
15205,0.033544715,0.043688778,0.043181576,5,False
15215,0.04825227,0.10975779,0.10668251,13,False
15225,0.062242158,0.012410582,0.014902161,2,False
15235,0.057962433,0.009358496,0.011788692,1,False
15245,0.05675883,0.0129999835,0.015187927,2,False
15255,0.039605524,0.016218288,0.017387649,2,False
15265,0.04175145,0.0,0.0020875726,0,False
15275,0.00974216,0.0011147793,0.0015461483,0,False
15285,0.026622118,0.028675657,0.02857298,3,False
15295,0.006083619,0.0799754,0.0762808,9,False
15305,0.011622853,0.05133666,0.04935097,6,False
15315,0.0037772628,0.06539692,0.062315937,8,False
15325,0.003341613,0.046787217,0.044614933,5,False
15335,0.0045643724,0.47591048,0.4523432,55,False
15345,0.003942578,0.9206608,0.8748249,75,False
15355,0.005214435,1.2260034,1.164964,83,True
15365,0.11917577,0.6824773,0.6543122,66,False
15375,0.23319465,0.68173707,0.6593099,67,False
15385,0.30617753,0.37785575,0.37427184,45,False
15395,0.3832913,0.22744225,0.2352347,28,False
15405,0.40522134,0.22895476,0.23776808,29,False
15415,0.655122,0.13766661,0.16353938,20,False
15425,0.73972744,0.034126095,0.06940617,8,False
15435,0.67094254,0.13613342,0.16287388,20,False
15445,0.23580948,0.03684081,0.046789244,6,False
15455,0.12073317,0.10728084,0.10795346,13,False
15465,0.12476055,0.23491643,0.22940864,28,False
15475,0.16553335,0.7175489,0.6899481,68,False
15485,0.21730734,0.2029695,0.20368639,25,False
15495,0.17537737,0.156713,0.15764621,19,False
15505,0.009050856,0.034197632,0.032940295,4,False
15515,0.0010515832,0.05181321,0.04927513,6,False
15525,0.043073192,0.015805526,0.01716891,2,False
15535,0.001884035,0.04748587,0.045205776,5,False
15545,0.0010047558,0.11890621,0.11301114,14,False
15555,0.0010818032,0.058462095,0.05559308,7,False
15565,0.0011216662,0.04157788,0.03955507,5,False
15575,0.050919674,0.05011046,0.05015092,6,False
15585,0.049853653,0.008180851,0.010264492,1,False
15595,0.016408218,0.021456813,0.021204384,3,False
15605,0.016680585,0.11100867,0.10629226,13,False
15615,0.007005719,0.060956035,0.05825852,7,False
15625,0.013379184,0.04324017,0.04174712,5,False
15635,0.091393255,0.0,0.0045696627,1,False
15645,0.066350274,0.03686213,0.038336538,5,False
15655,0.0598678,0.032495495,0.03386411,4,False
15665,0.029509751,0.06830079,0.06636124,8,False
15675,0.061858725,0.0,0.0030929362,0,False
15685,0.028607763,0.0,0.0014303882,0,False
15695,0.03397254,0.04457357,0.044043522,5,False
15705,0.022636095,0.070995025,0.06857707,8,False
15715,0.015168906,0.037872788,0.036737595,4,False
15725,0.012970874,0.106770135,0.102080174,12,False
15735,0.00027580067,0.0,1.3790034e-05,0,False
15745,0.027766325,0.0,0.0013883163,0,False
15755,0.008048289,0.010726154,0.01059226,1,False
15765,0.0,0.010273702,0.0097600175,1,False
15775,0.0,0.044301882,0.042086788,5,False
15785,9.213853e-05,0.012867343,0.012228583,1,False
15795,0.0,0.012523451,0.011897278,1,False
15805,0.006019729,0.017710028,0.017125513,2,False
15815,0.0040505845,0.0,0.00020252923,0,False
15825,0.0060151825,0.12361647,0.11773641,14,False
15835,0.008673785,0.047100864,0.045179512,5,False
15845,0.012250243,0.064644635,0.062024914,7,False
15855,0.0037658669,0.014271403,0.013746126,2,False
15865,0.001418592,0.031295437,0.029801594,4,False
15875,0.00052517036,0.06712607,0.06379602,8,False
15885,0.0038392812,0.0647546,0.06170883,7,False
15895,0.0052205734,0.027202256,0.026103172,3,False
15905,0.03162809,0.04420748,0.04357851,5,False
15915,0.030546553,0.09376289,0.09060207,11,False
15925,0.037642613,0.07986436,0.07775327,9,False
15935,0.04573016,0.021857822,0.023051439,3,False
15945,0.062199455,0.0038402136,0.006758176,1,False
15955,0.0297586,0.0090507865,0.010086177,1,False
15965,0.030379687,0.0415219,0.040964786,5,False
15975,0.042186435,0.20284943,0.19481628,24,False
15985,0.032977574,0.11686492,0.112670556,14,False
15995,0.023043627,0.052465834,0.05099472,6,False
16005,0.0155834295,0.26232114,0.24998425,30,False
16015,0.029480295,0.18989728,0.18187642,22,False
16025,0.050532274,0.124636,0.12093081,15,False
16035,0.068805285,0.123740286,0.12099353,15,False
16045,0.05604667,0.1290536,0.12540324,15,False
16055,0.10163124,0.07795949,0.079143085,10,False
16065,0.07206262,0.045393035,0.046726514,6,False
16075,0.064939804,0.031058673,0.03275273,4,False
16085,0.08412081,0.00981395,0.013529293,2,False
16095,0.08551784,0.00085120427,0.005084536,1,False
16105,0.09652668,0.0031382362,0.007807659,1,False
16115,0.06286755,0.16133384,0.15641052,19,False
16125,0.05440946,0.043887377,0.044413477,5,False
16135,0.03155529,0.09374351,0.0906341,11,False
16145,0.0023441955,0.094910346,0.09028204,11,False
16155,0.029462077,0.0,0.0014731039,0,False
16165,0.030290894,0.0,0.0015145447,0,False
16175,0.0044735223,0.0,0.00022367612,0,False
16185,0.011757299,0.004358486,0.004728426,1,False
16195,0.0,0.03836282,0.03644468,4,False
16205,0.0,0.024378045,0.023159143,3,False
16215,0.0,0.077019416,0.07316844,9,False
16225,0.0,0.019293824,0.018329132,2,False
16235,0.02431943,0.0,0.0012159715,0,False
16245,0.0058479696,0.02803447,0.026925143,3,False
16255,0.0,0.0821048,0.07799956,9,False
16265,0.007806633,0.078278646,0.07475504,9,False
16275,0.0,0.06331713,0.06015127,7,False
16285,0.024397243,0.13841127,0.13271058,16,False
16295,0.0071947747,0.041924044,0.040187582,5,False
16305,0.032859344,0.0061580585,0.0074931225,1,False
16315,0.023759987,0.10615336,0.1020337,12,False
16325,0.027105961,0.039738934,0.039107285,5,False
16335,0.017464865,0.031761505,0.031046672,4,False
16345,0.037682123,0.0014015193,0.0032155495,0,False
16355,0.07339921,0.0,0.0036699604,0,False
16365,0.027701044,0.00032145923,0.0016904385,0,False
16375,0.01875616,0.0,0.000937808,0,False
16385,0.017993238,0.007581027,0.0081016375,1,False
16395,0.025296377,0.011260993,0.011962762,1,False
16405,0.024801185,0.017742869,0.018095784,2,False
16415,0.016345857,0.017380722,0.01732898,2,False
16425,0.0,0.07018114,0.06667208,8,False
16435,0.0,0.096850954,0.092008404,11,False
16445,5.0884532e-06,0.0038934527,0.0036990345,0,False
16455,0.00025828485,0.031365663,0.029810293,4,False
16465,0.00036440458,0.01775968,0.016889917,2,False
16475,0.00041471567,0.044759437,0.0425422,5,False
16485,0.0182094,0.0816657,0.07849289,9,False
16495,0.01732392,0.052365024,0.050612967,6,False
16505,0.01774999,0.071488366,0.06880145,8,False
16515,0.010459751,0.0,0.00052298757,0,False
16525,0.009369223,0.016335083,0.01598679,2,False
16535,0.0,0.0,0.0,0,False
16545,0.010174062,0.059187897,0.056737203,7,False
16555,0.00041728676,0.04379898,0.041629896,5,False
16565,0.00036673303,0.012621656,0.01200891,1,False
16575,0.0134546375,0.015092464,0.015010572,2,False
16585,0.0005503007,0.054153986,0.0514738,6,False
16595,0.0077533885,0.06292173,0.060163315,7,False
16605,0.016709661,0.09471531,0.09081503,11,False
16615,0.0023156896,0.1400773,0.1331892,16,False
16625,0.060237102,0.028771749,0.030345015,4,False
16635,0.006754543,0.023414202,0.02258122,3,False
16645,0.03391538,0.10707848,0.10342032,12,False
16655,0.04455387,0.006924117,0.008805605,1,False
16665,0.034954347,0.08603006,0.083476275,10,False
16675,0.030223796,0.0053179106,0.0065632053,1,False
16685,0.011563525,0.0376469,0.036342733,4,False
16695,0.020861834,0.063595265,0.061458595,7,False
16705,0.021091705,0.03446662,0.033797875,4,False
16715,0.029127754,0.069355994,0.06734458,8,False
16725,0.028826738,0.029636215,0.029595742,4,False
16735,0.023681132,0.05195736,0.05054355,6,False
16745,0.026030974,0.0073566088,0.008290327,1,False
16755,0.042140275,0.0020059398,0.0040126564,0,False
16765,0.029241739,0.0,0.0014620869,0,False
16775,0.045536555,0.0006553655,0.002899425,0,False
16785,0.03333023,0.013773363,0.014751206,2,False
16795,0.0061357277,0.009027826,0.00888322,1,False
16805,0.010319468,0.060423177,0.057917994,7,False
16815,0.021550497,0.026247794,0.02601293,3,False
16825,0.005134157,0.039247792,0.03754211,5,False
16835,0.0,0.08654694,0.08221959,10,False
16845,0.0,0.055172317,0.052413702,6,False
16855,0.0,0.055753157,0.0529655,6,False
16865,0.0596014,0.114941075,0.112174086,14,False
16875,0.014781678,0.030177565,0.029407771,4,False
16885,0.025262197,0.059185434,0.05748927,7,False
16895,0.049300816,0.0029749565,0.0052912496,1,False
16905,0.04291118,0.022511614,0.023531592,3,False
16915,0.036430415,0.03881213,0.038693044,5,False
16925,0.03195072,0.0850167,0.0823634,10,False
16935,0.020739947,0.05137952,0.049847543,6,False
16945,0.05165875,0.00047927667,0.0030382504,0,False
16955,0.020835418,0.0061051203,0.0068416353,1,False
16965,0.027271649,0.04689739,0.045916103,6,False
16975,0.021006342,0.009585421,0.010156467,1,False
16985,0.018062215,0.034290396,0.033478986,4,False
16995,0.006960431,0.052628115,0.050344728,6,False
17005,0.012790384,0.10599768,0.10133731,12,False
17015,0.035751425,0.17802674,0.17091297,21,False
17025,0.021951033,0.00066931354,0.0017333995,0,False
17035,0.01580843,0.0049139517,0.0054586753,1,False
17045,0.010967218,0.016265878,0.016000945,2,False
17055,0.0011331659,0.015853703,0.015117676,2,False
17065,0.0,0.001852265,0.0017596517,0,False
17075,0.0014014102,0.03875857,0.036890708,4,False
17085,0.0148793645,0.019339401,0.0191164,2,False
17095,0.0,0.00038474024,0.00036550322,0,False
17105,0.0,0.0016536565,0.0015709737,0,False
17115,0.0,0.042982798,0.04083366,5,False
17125,6.787951e-05,0.05009241,0.047591183,6,False
17135,0.00036236734,0.025279086,0.02403325,3,False
17145,0.00033208722,0.001048166,0.001012362,0,False
17155,0.0014422466,0.015705027,0.014991888,2,False
17165,0.0016227639,0.005657637,0.0054558935,1,False
17175,0.0006516179,0.02997693,0.028510666,3,False
17185,0.0008034743,0.04954713,0.047109947,6,False
17195,0.031693436,0.022237381,0.022710184,3,False
17205,0.031073982,0.06978702,0.067851365,8,False
17215,0.014378372,0.067864254,0.065189965,8,False
17225,0.0019598803,0.031919576,0.03042159,4,False
17235,0.011266636,0.034865364,0.033685427,4,False
17245,0.026911538,0.018170502,0.018607553,2,False
17255,0.03963183,0.014024735,0.015305091,2,False
17265,0.012043565,0.015649382,0.015469091,2,False
17275,0.007917581,0.11850824,0.112978704,14,False
17285,0.007233197,0.06774177,0.06471634,8,False
17295,0.012845013,0.042869218,0.041368008,5,False
17305,0.011683042,0.069472186,0.06658273,8,False
17315,0.029378327,0.060930025,0.05935244,7,False
17325,0.013838632,0.13440095,0.12837283,16,False
17335,0.061041284,0.1640817,0.15892968,19,False
17345,0.008131619,0.10423439,0.09942925,12,False
17355,0.02286117,0.030596152,0.030209403,4,False
17365,0.066235416,0.0,0.0033117707,0,False
17375,0.07857934,0.009316737,0.012779866,2,False
17385,0.04186671,0.030811984,0.03136472,4,False
17395,0.05938281,0.0038513204,0.006627895,1,False
17405,0.068253495,0.0,0.0034126749,0,False
17415,0.076261766,0.012109493,0.015317107,2,False
17425,0.044888463,0.09002582,0.08776895,11,False
17435,0.028228892,0.071376935,0.06921953,8,False
17445,0.07653608,0.10198956,0.10071688,12,False
17455,0.0576367,0.09891256,0.09684876,12,False
17465,0.13065173,0.13899249,0.13857543,17,False
17475,0.05955211,0.09587747,0.094061196,11,False
17485,0.03586235,0.07326757,0.07139731,9,False
17495,0.065040186,0.055976644,0.056429822,7,False
17505,0.08678966,0.013064835,0.016751077,2,False
17515,0.09043949,0.007158543,0.0113225905,1,False
17525,0.08975609,0.044702962,0.04695562,6,False
17535,0.062280778,0.02877725,0.030452425,4,False
17545,0.08972698,0.0953775,0.09509497,11,False
17555,0.083414026,0.041757163,0.043840006,5,False
17565,0.026929995,0.116961,0.11245945,14,False
17575,0.010716393,0.18235235,0.17377055,21,False
17585,0.03508227,0.032450728,0.032582305,4,False
17595,0.0583963,0.02631668,0.027920661,3,False
17605,0.050023127,0.045038536,0.045287766,5,False
17615,0.051824965,0.05145359,0.051472157,6,False
17625,0.04765436,0.020113098,0.02149016,3,False
17635,0.03934465,0.0,0.0019672324,0,False
17645,0.008127047,0.017791888,0.017308647,2,False
17655,0.006576614,0.0,0.0003288307,0,False
17665,0.021491468,0.05661641,0.054860163,7,False
17675,0.010401274,0.080443524,0.076941416,9,False
17685,0.007274723,0.11539,0.10998424,13,False
17695,0.0,0.06974643,0.06625911,8,False
17705,0.017310612,0.060860205,0.058682725,7,False
17715,0.0310938,0.06897098,0.067077115,8,False
17725,0.04937918,0.028685492,0.029720176,4,False
17735,0.11946026,0.022289347,0.027147893,3,False
17745,0.0556311,0.0,0.002781555,0,False
17755,0.03382194,0.0,0.001691097,0,False
17765,0.018102098,0.0,0.0009051049,0,False
17775,0.010194354,0.0,0.0005097177,0,False
17785,0.034797262,13.193653,12.535709,100,True
17795,0.0033605457,13.215634,12.55502,100,True
17805,0.003538469,13.150634,12.493279,100,True
17815,4.0902677,0.11809341,0.31670213,38,False
17825,4.114902,0.0006882718,0.20639896,25,False
17835,4.1067266,0.00013171209,0.20546146,25,False
17845,4.108338,0.054985344,0.25765297,31,False
17855,4.134912,0.03289496,0.23799582,29,False
17865,4.138141,0.10928138,0.31072438,38,False
17875,4.145756,0.03228649,0.23795995,29,False
17885,4.126747,0.055968612,0.25950754,31,False
17895,4.1235056,0.009470857,0.21517259,26,False
17905,4.1020103,0.024873052,0.22872992,28,False
17915,0.010165826,0.08879765,0.08486606,10,False
17925,0.010100013,0.12876177,0.12282868,15,False
17935,0.01877033,0.0880436,0.08457994,10,False
17945,0.021693164,0.16599451,0.15877944,19,False
17955,0.046095505,0.10486485,0.10192639,12,False
17965,0.10117415,0.21067585,0.20520076,25,False
17975,0.07377654,0.191108,0.18524143,22,False
17985,0.057755403,0.0,0.0028877703,0,False
17995,0.06846942,0.0,0.003423471,0,False
18005,0.072377026,0.0,0.0036188513,0,False
18015,0.06379589,0.036436547,0.037804514,5,False
18025,0.08372315,0.0,0.0041861576,1,False
18035,0.07146423,0.0,0.0035732116,0,False
18045,0.071795,0.043853045,0.04525014,5,False
18055,0.09165641,0.052329198,0.054295555,7,False
18065,0.0,0.05915817,0.05620026,7,False
18075,0.016675934,0.15482105,0.1479138,18,False
18085,0.0135656595,0.13628533,0.13014935,16,False
18095,0.03721147,0.25498158,0.24409308,30,False
18105,0.045118894,0.08895693,0.08676503,10,False
18115,0.030710343,0.16616245,0.15938984,19,False
18125,0.043631814,0.12101553,0.117146336,14,False
18135,0.041947063,0.110503286,0.107075475,13,False
18145,0.07729297,0.036352534,0.038399555,5,False
18155,0.09159623,0.047626622,0.049825102,6,False
18165,0.062530674,0.0,0.0031265337,0,False
18175,0.111461625,0.0,0.0055730813,1,False
18185,0.061222926,0.0,0.0030611462,0,False
18195,0.03860236,0.0,0.001930118,0,False
18205,0.029485174,0.0,0.0014742587,0,False
18215,0.01810765,0.0019756968,0.0027822945,0,False
18225,0.004271714,0.0043777223,0.004372422,1,False
18235,0.0,0.06862819,0.06519678,8,False
18245,0.0,0.27843866,0.2645167,32,False
18255,4.7942212e-05,0.049397267,0.0469298,6,False
18265,0.0016699276,0.14971618,0.14231387,17,False
18275,0.0035104817,0.22024982,0.20941284,25,False
18285,0.0065965317,0.06958621,0.06643673,8,False
18295,0.0030578745,0.15226117,0.144801,18,False
18305,0.005975298,0.05774924,0.055160545,7,False
18315,0.02795447,0.04685459,0.045909584,6,False
18325,0.04244372,0.041424103,0.041475084,5,False
18335,0.03453181,0.045276932,0.044739675,5,False
18345,0.030945731,0.0,0.0015472866,0,False
18355,0.049171094,0.0017326266,0.00410455,0,False
18365,0.0582689,0.0,0.002913445,0,False
18375,0.05658201,0.039774496,0.040614873,5,False
18385,0.0607249,0.019370748,0.021438455,3,False
18395,0.0024126822,0.042074792,0.040091686,5,False
18405,0.0,0.0036329275,0.0034512812,0,False
18415,0.0,0.14135532,0.13428755,16,False
18425,0.0,0.08823974,0.08382775,10,False
18435,0.0,0.1256091,0.11932864,14,False
18445,0.0027648187,0.1455415,0.13840267,17,False
18455,0.023823787,0.05148012,0.050097298,6,False
18465,0.05122412,0.06146129,0.06094943,7,False
18475,0.056987762,0.0,0.0028493882,0,False
18485,0.061257984,0.040972378,0.04198666,5,False
18495,0.09445297,0.08135944,0.08201411,10,False
18505,0.07049122,0.07609858,0.07581822,9,False
18515,0.07417835,0.18317708,0.17772715,21,False
18525,0.067490675,0.1931089,0.18682799,23,False
18535,0.08132099,0.27525088,0.2655544,32,False
18545,0.10053661,0.022101937,0.026023671,3,False
18555,0.06578692,0.0,0.0032893461,0,False
18565,0.040238343,0.029528553,0.030064043,4,False
18575,0.086617105,0.013382668,0.01704439,2,False
18585,0.06586219,0.03107526,0.032814607,4,False
18595,0.08852149,0.006704275,0.010795136,1,False
18605,0.04310322,0.05775027,0.05701792,7,False
18615,0.036738276,0.0,0.0018369139,0,False
18625,0.03841964,0.035886757,0.036013402,4,False
18635,0.0021658395,0.0,0.00010829198,0,False
18645,0.0,0.0,0.0,0,False
18655,0.0,0.023597453,0.02241758,3,False
18665,0.0029506953,0.032000728,0.030548226,4,False
